"sample","subtype","SCMOD2"
"S18674","ER-/HER2-","Basal"
"S20710","ER+/HER2- High Prolif","Luminal"
"S44441","ER+/HER2- Low Prolif","Luminal"
"S47904","ER-/HER2-","Basal"
"S48342","ER-/HER2-","Basal"
"S48602","ER-/HER2-","Basal"
"S23223","ER-/HER2-","Basal"
"S28077","ER+/HER2- Low Prolif","Luminal"
"S66280","ER-/HER2-","Basal"
"S66684","ER-/HER2-","Basal"
"S71208","ER-/HER2-","Basal"
"S72877","HER2+","Her2"
"S73062","ER-/HER2-","Basal"
"REF001","ER-/HER2-","Basal"
"REF002","ER+/HER2- High Prolif","Luminal"
"REF004","ER+/HER2- High Prolif","Luminal"
"RNA_39","ER+/HER2- High Prolif","Luminal"
"S73471","ER-/HER2-","Basal"
"REF005","ER-/HER2-","Basal"
"S48041","HER2+","Her2"
"S51706","ER-/HER2-","Basal"
"S66817","ER+/HER2- High Prolif","Luminal"
"S67455","HER2+","Her2"
"S68941","ER-/HER2-","Basal"
"S69693","ER-/HER2-","Basal"
"S45086","ER+/HER2- High Prolif","Luminal"
"S241417","ER-/HER2-","Basal"
"S71335","ER+/HER2- High Prolif","Luminal"
"S72825","HER2+","Her2"
"S72955","ER-/HER2-","Basal"
"S73230","ER-/HER2-","Basal"
"S73263","ER-/HER2-","Basal"
"REF003","ER-/HER2-","Basal"
"REF006","ER-/HER2-","Basal"
"REF007","ER-/HER2-","Basal"
"REF009","ER+/HER2- High Prolif","Luminal"
"REF010","ER-/HER2-","Basal"
"S52226","ER+/HER2- High Prolif","Luminal"
"S67990","ER-/HER2-","Basal"
"S69196","ER-/HER2-","Basal"
"S70620","ER-/HER2-","Basal"
"S46962","ER-/HER2-","Basal"
"S71732","ER-/HER2-","Basal"
"INSB014","ER-/HER2-","Basal"
"S85277","HER2+","Her2"
"INSB019","ER+/HER2- High Prolif","Luminal"
"REF014","ER-/HER2-","Basal"
"REF016","ER-/HER2-","Basal"
"REF019","ER-/HER2-","Basal"
"REF022","ER-/HER2-","Basal"
"S53782","ER-/HER2-","Basal"
"REF025","ER-/HER2-","Basal"
"REF024","ER-/HER2-","Basal"
"S44205","ER+/HER2- Low Prolif","Luminal"
"S87654","ER+/HER2- High Prolif","Luminal"
"REF013","ER-/HER2-","Basal"
"S38807","ER-/HER2-","Basal"
"REF020","ER-/HER2-","Basal"
"REF023","ER-/HER2-","Basal"
"REF030","ER-/HER2-","Basal"
"S90189","ER+/HER2- Low Prolif","Luminal"
"NOTCH06","ER-/HER2-","Basal"
"NOTCH10","ER-/HER2-","Basal"
"NOTCHB02","ER-/HER2-","Basal"
"REF006_BLP1","ER-/HER2-","Basal"
"NOTCH01","ER-/HER2-","Basal"
"NOTCH01_TAXOLRES_P6_CTRL2","ER-/HER2-","Basal"
"NOTCH18","ER-/HER2-","Basal"
"NOTCHB01_P3_TXLCTRL1","ER-/HER2-","Basal"
"S100534","ER-/HER2-","Basal"
"S100672","ER-/HER2-","Basal"
"BXTO64","ER+/HER2- High Prolif","Luminal"
"BXTO81","ER-/HER2-","Basal"
"REF036","ER+/HER2- High Prolif","Luminal"
"BPTO51","ER-/HER2-","Basal"
"BPTO63","ER+/HER2- High Prolif","Luminal"
"REF032","ER+/HER2- High Prolif","Luminal"
"REF034","ER+/HER2- High Prolif","Luminal"
"REF035","ER-/HER2-","Basal"
"REF038","ER-/HER2-","Basal"
"S104987","HER2+","Her2"
"73263_CX_RES_P8","ER-/HER2-","Basal"
"BPTO51_BME","ER-/HER2-","Basal"
"BPTO51_CNC","ER-/HER2-","Basal"
"BPTO51_T","ER-/HER2-","Basal"
"BPTO95_BME","ER+/HER2- Low Prolif","Luminal"
"BPTO95_CNC","ER+/HER2- Low Prolif","Luminal"
"BPTO95_T","ER+/HER2- Low Prolif","Luminal"
"BXTO64_BME_ORG","ER+/HER2- High Prolif","Luminal"
"BXTO64_BME_PDX","ER+/HER2- High Prolif","Luminal"
"BXTO64_CNC_ORG","ER+/HER2- Low Prolif","Luminal"
"BXTO64_CNC_PDX","ER+/HER2- High Prolif","Luminal"
"BXTO64_PDX","ER+/HER2- High Prolif","Luminal"
"REF041","ER+/HER2- High Prolif","Luminal"
"REF042","ER-/HER2-","Basal"
"REF043","ER+/HER2- Low Prolif","Luminal"
"REF044","ER-/HER2-","Basal"
"S108045","ER-/HER2-","Basal"
"S16720","ER-/HER2-","Basal"
"REF047","ER-/HER2-","Basal"
"REF048","ER-/HER2-","Basal"
"BPTO180","HER2+","Her2"
"BPTO180T","HER2+","Her2"
"BPTO93","ER+/HER2- High Prolif","Luminal"
"BPTO93T","ER+/HER2- Low Prolif","Luminal"
"BXTO143","ER-/HER2-","Basal"
"BXTO143T","ER-/HER2-","Basal"
"BXTO147","ER+/HER2- High Prolif","Luminal"
"DCBPTO14","ER+/HER2- Low Prolif","Luminal"
"DCBPTO19","ER+/HER2- High Prolif","Luminal"
"DCBPTO66","ER+/HER2- Low Prolif","Luminal"
"DCBXTO132","ER-/HER2-","Basal"
"DCBXTO137","ER+/HER2- High Prolif","Luminal"
"DCBXTO58","ER+/HER2- High Prolif","Luminal"
"REF039","ER+/HER2- High Prolif","Luminal"
"REF049","ER-/HER2-","Basal"
"REF052","ER+/HER2- Low Prolif","Luminal"
"S100804","ER-/HER2-","Basal"
"S108099","ER-/HER2-","Basal"
"S104987.1","ER-/HER2-","Basal"
"S178200","ER-/HER2-","Basal"
"AZ_16720_5305_A2","ER-/HER2-","Basal"
"AZ_16720_5305_A9","ER-/HER2-","Basal"
"AZ_241417_AZD-8205_B5","ER-/HER2-","Basal"
"AZ_241417_AZD-8205_B6","ER-/HER2-","Basal"
"AZ_48602_AZD-8205_B10","ER-/HER2-","Basal"
"AZ_48602_AZD-8205_B11","ER+/HER2- High Prolif","Luminal"
"AZ_48602_AZD-8205_B3","ER-/HER2-","Basal"
"AZ_48602_AZD-8205_Control_C5","ER-/HER2-","Basal"
"AZ_48602_AZD-8205_Control_C7","ER-/HER2-","Basal"
"AZ_48602_SG_D5","ER+/HER2- High Prolif","Luminal"
"AZ_69693_5305_A10","ER-/HER2-","Basal"
"AZ_69693_5305_A8","ER-/HER2-","Basal"
"AZ_69693_AZD-8205_B12","ER-/HER2-","Basal"
"AZ_73062_AZD-8205_Control_C8","ER-/HER2-","Basal"
"AZ_73230_5305_A3","ER-/HER2-","Basal"
"AZ_73230_5305_A4","ER-/HER2-","Basal"
"AZ_73230_5305_A5","ER-/HER2-","Basal"
"AZ_73230_5305_A6","ER-/HER2-","Basal"
"AZ_73230_5305_A7","ER-/HER2-","Basal"
"AZ_73230_AZD-8205_Control_C1","ER-/HER2-","Basal"
"AZ_73230_AZD-8205_Control_C2","ER-/HER2-","Basal"
"AZ_73230_AZD-8205_Control_C4","ER-/HER2-","Basal"
"AZ_73230_AZD-8205_Control_C6","ER-/HER2-","Basal"
"AZ_85277_SG_D3","HER2+","Her2"
"AZ_INSB019_AZD-8205_B7","ER+/HER2- High Prolif","Luminal"
"AZ_INSB019_AZD-8205_B8","ER+/HER2- High Prolif","Luminal"
"AZ_INSB019_AZD-8205_B9","ER+/HER2- High Prolif","Luminal"
"AZ_REF001_AZD-8205_B4","ER-/HER2-","Basal"
"AZ_REF022_AZD-8205_B2","ER-/HER2-","Basal"
"AZ_REF022_AZD-8205_Control_C3","ER-/HER2-","Basal"
"AZ_REF022_SG_D1","ER-/HER2-","Basal"
"AZ_REF022_SG_D2","ER-/HER2-","Basal"
"AZ_REF048_5305_A1","ER-/HER2-","Basal"
"AZ_REF048_AZD-8205_B1","ER-/HER2-","Basal"
"AZ_REF052_SG_D4","ER+/HER2- High Prolif","Luminal"
"REF037","ER+/HER2- High Prolif","Luminal"
"REF043_r1","ER+/HER2- High Prolif","Luminal"
"REF053","ER+/HER2- Low Prolif","Luminal"
"REF054","ER-/HER2-","Basal"
"REF057","ER-/HER2-","Basal"
"REF062","ER-/HER2-","Basal"
"REF063","ER+/HER2- High Prolif","Luminal"
"38807_P1_CX_RES_P2","ER-/HER2-","Basal"
"73230_CX_RES_P3","ER-/HER2-","Basal"
"73263_CX_RES_P9","ER-/HER2-","Basal"
"REF005_BL_CX_RES_P3","ER-/HER2-","Basal"
