date,conc1,conc2,response,repeats,drug1,drug2,conc_unit1,conc_unit2,block_id
44784,25,0,8.459215777,2,FLV,TBF,uM,uM,58
44784,25,0.1,10.44259302,2,FLV,TBF,uM,uM,58
44784,25,0.2,8.184332945,2,FLV,TBF,uM,uM,58
44784,25,0.4,10.11895937,2,FLV,TBF,uM,uM,58
44784,25,0.83,8.180428659,2,FLV,TBF,uM,uM,58
44784,25,1.6,8.985028119,2,FLV,TBF,uM,uM,58
44784,25,3.15,5.968597934,2,FLV,TBF,uM,uM,58
44784,25,6.3,3.192017529,2,FLV,TBF,uM,uM,58
44784,25,12.5,0.946420007,2,FLV,TBF,uM,uM,58
44784,25,25,0.447515582,2,FLV,TBF,uM,uM,58
44784,14.4,0,17.21294134,2,FLV,TBF,uM,uM,58
44784,14.4,0.1,17.90210056,2,FLV,TBF,uM,uM,58
44784,14.4,0.2,15.90563869,2,FLV,TBF,uM,uM,58
44784,14.4,0.4,15.2251322,2,FLV,TBF,uM,uM,58
44784,14.4,0.83,12.42871381,2,FLV,TBF,uM,uM,58
44784,14.4,1.6,18.10058601,2,FLV,TBF,uM,uM,58
44784,14.4,3.15,16.4531884,2,FLV,TBF,uM,uM,58
44784,14.4,6.3,7.873150806,2,FLV,TBF,uM,uM,58
44784,14.4,12.5,1.392880376,2,FLV,TBF,uM,uM,58
44784,14.4,25,0.545861378,2,FLV,TBF,uM,uM,58
44784,8.3,0,22.74014392,2,FLV,TBF,uM,uM,58
44784,8.3,0.1,23.51435326,2,FLV,TBF,uM,uM,58
44784,8.3,0.2,23.83756482,2,FLV,TBF,uM,uM,58
44784,8.3,0.4,25.95664238,2,FLV,TBF,uM,uM,58
44784,8.3,0.83,25.59512661,2,FLV,TBF,uM,uM,58
44784,8.3,1.6,24.91134897,2,FLV,TBF,uM,uM,58
44784,8.3,3.15,26.91266482,2,FLV,TBF,uM,uM,58
44784,8.3,6.3,14.75482404,2,FLV,TBF,uM,uM,58
44784,8.3,12.5,1.687706723,2,FLV,TBF,uM,uM,58
44784,8.3,25,0.624369181,2,FLV,TBF,uM,uM,58
44784,4.8,0,32.09301908,2,FLV,TBF,uM,uM,58
44784,4.8,0.1,34.39412078,2,FLV,TBF,uM,uM,58
44784,4.8,0.2,30.70151048,2,FLV,TBF,uM,uM,58
44784,4.8,0.4,33.12649411,2,FLV,TBF,uM,uM,58
44784,4.8,0.83,35.93684132,2,FLV,TBF,uM,uM,58
44784,4.8,1.6,36.49895297,2,FLV,TBF,uM,uM,58
44784,4.8,3.15,30.72746871,2,FLV,TBF,uM,uM,58
44784,4.8,6.3,20.78905618,2,FLV,TBF,uM,uM,58
44784,4.8,12.5,2.393960386,2,FLV,TBF,uM,uM,58
44784,4.8,25,0.723453626,2,FLV,TBF,uM,uM,58
44784,2.7,0,36.16698314,2,FLV,TBF,uM,uM,58
44784,2.7,0.1,47.56095566,2,FLV,TBF,uM,uM,58
44784,2.7,0.2,38.817043580000004,2,FLV,TBF,uM,uM,58
44784,2.7,0.4,49.39533691,2,FLV,TBF,uM,uM,58
44784,2.7,0.83,47.3460089,2,FLV,TBF,uM,uM,58
44784,2.7,1.6,55.45141195,2,FLV,TBF,uM,uM,58
44784,2.7,3.15,37.95071419,2,FLV,TBF,uM,uM,58
44784,2.7,6.3,30.07935725,2,FLV,TBF,uM,uM,58
44784,2.7,12.5,6.017981875,2,FLV,TBF,uM,uM,58
44784,2.7,25,0.909382052,2,FLV,TBF,uM,uM,58
44784,1.6,0,54.61673894,2,FLV,TBF,uM,uM,58
44784,1.6,0.1,57.34868386,2,FLV,TBF,uM,uM,58
44784,1.6,0.2,48.74733097,2,FLV,TBF,uM,uM,58
44784,1.6,0.4,58.91271969,2,FLV,TBF,uM,uM,58
44784,1.6,0.83,59.70898297,2,FLV,TBF,uM,uM,58
44784,1.6,1.6,62.10589795,2,FLV,TBF,uM,uM,58
44784,1.6,3.15,56.30191315,2,FLV,TBF,uM,uM,58
44784,1.6,6.3,51.437489480000004,2,FLV,TBF,uM,uM,58
44784,1.6,12.5,4.43642952,2,FLV,TBF,uM,uM,58
44784,1.6,25,0.873821394,2,FLV,TBF,uM,uM,58
44784,0.9,0,50.19645417,2,FLV,TBF,uM,uM,58
44784,0.9,0.1,55.07871093,2,FLV,TBF,uM,uM,58
44784,0.9,0.2,53.53978916,2,FLV,TBF,uM,uM,58
44784,0.9,0.4,55.46565732,2,FLV,TBF,uM,uM,58
44784,0.9,0.83,63.34598357,2,FLV,TBF,uM,uM,58
44784,0.9,1.6,59.07543344,2,FLV,TBF,uM,uM,58
44784,0.9,3.15,57.37696355,2,FLV,TBF,uM,uM,58
44784,0.9,6.3,58.25194568,2,FLV,TBF,uM,uM,58
44784,0.9,12.5,12.0014583,2,FLV,TBF,uM,uM,58
44784,0.9,25,1.117364417,2,FLV,TBF,uM,uM,58
44784,0.5,0,56.89219897,2,FLV,TBF,uM,uM,58
44784,0.5,0.1,58.90248413,2,FLV,TBF,uM,uM,58
44784,0.5,0.2,61.71947917,2,FLV,TBF,uM,uM,58
44784,0.5,0.4,65.51085734,2,FLV,TBF,uM,uM,58
44784,0.5,0.83,70.51077029,2,FLV,TBF,uM,uM,58
44784,0.5,1.6,71.08702178,2,FLV,TBF,uM,uM,58
44784,0.5,3.15,71.56281706,2,FLV,TBF,uM,uM,58
44784,0.5,6.3,57.60214588,2,FLV,TBF,uM,uM,58
44784,0.5,12.5,12.80911788,2,FLV,TBF,uM,uM,58
44784,0.5,25,1.18479249,2,FLV,TBF,uM,uM,58
44784,0.3,0,63.37816755,2,FLV,TBF,uM,uM,58
44784,0.3,0.1,74.73573524,2,FLV,TBF,uM,uM,58
44784,0.3,0.2,65.27786644,2,FLV,TBF,uM,uM,58
44784,0.3,0.4,65.70079558,2,FLV,TBF,uM,uM,58
44784,0.3,0.83,77.16736671,2,FLV,TBF,uM,uM,58
44784,0.3,1.6,67.83876143,2,FLV,TBF,uM,uM,58
44784,0.3,3.15,58.34986939,2,FLV,TBF,uM,uM,58
44784,0.3,6.3,67.68638876,2,FLV,TBF,uM,uM,58
44784,0.3,12.5,17.08103979,2,FLV,TBF,uM,uM,58
44784,0.3,25,1.371987171,2,FLV,TBF,uM,uM,58
44784,0.17,0,65.97557289,2,FLV,TBF,uM,uM,58
44784,0.17,0.1,77.57499526,2,FLV,TBF,uM,uM,58
44784,0.17,0.2,68.09370075,2,FLV,TBF,uM,uM,58
44784,0.17,0.4,68.88890882,2,FLV,TBF,uM,uM,58
44784,0.17,0.83,73.74731778,2,FLV,TBF,uM,uM,58
44784,0.17,1.6,75.01694935,2,FLV,TBF,uM,uM,58
44784,0.17,3.15,66.61935798,2,FLV,TBF,uM,uM,58
44784,0.17,6.3,74.37063175,2,FLV,TBF,uM,uM,58
44784,0.17,12.5,9.599478303,2,FLV,TBF,uM,uM,58
44784,0.17,25,1.294745623,2,FLV,TBF,uM,uM,58
44784,0.1,0,61.98729208,2,FLV,TBF,uM,uM,58
44784,0.1,0.1,82.49144091,2,FLV,TBF,uM,uM,58
44784,0.1,0.2,73.37292842,2,FLV,TBF,uM,uM,58
44784,0.1,0.4,76.04831396,2,FLV,TBF,uM,uM,58
44784,0.1,0.83,81.523178,2,FLV,TBF,uM,uM,58
44784,0.1,1.6,79.43121941,2,FLV,TBF,uM,uM,58
44784,0.1,3.15,83.40704871,2,FLV,TBF,uM,uM,58
44784,0.1,6.3,82.72801953,2,FLV,TBF,uM,uM,58
44784,0.1,12.5,10.18680953,2,FLV,TBF,uM,uM,58
44784,0.1,25,1.299705121,2,FLV,TBF,uM,uM,58
44784,0,0,100,2,FLV,TBF,uM,uM,58
44784,0,0.1,86.89916865,2,FLV,TBF,uM,uM,58
44784,0,0.2,78.27196306,2,FLV,TBF,uM,uM,58
44784,0,0.4,85.9197205,2,FLV,TBF,uM,uM,58
44784,0,0.83,95.38719173,2,FLV,TBF,uM,uM,58
44784,0,1.6,79.87177059,2,FLV,TBF,uM,uM,58
44784,0,3.15,88.89636917,2,FLV,TBF,uM,uM,58
44784,0,6.3,92.54750962,2,FLV,TBF,uM,uM,58
44784,0,12.5,36.07971708,2,FLV,TBF,uM,uM,58
44784,0,25,1.353309911,2,FLV,TBF,uM,uM,58
44844,25,0,6.604739246,1,FLV,TBF,uM,uM,95
44844,25,0.1,9.026908981,1,FLV,TBF,uM,uM,95
44844,25,0.2,7.257339995,1,FLV,TBF,uM,uM,95
44844,25,0.4,10.12289384,1,FLV,TBF,uM,uM,95
44844,25,0.83,6.389351023,1,FLV,TBF,uM,uM,95
44844,25,1.6,7.159828994,1,FLV,TBF,uM,uM,95
44844,25,3.15,5.141986068,1,FLV,TBF,uM,uM,95
44844,25,6.3,4.277876376,1,FLV,TBF,uM,uM,95
44844,25,12.5,4.736865771,1,FLV,TBF,uM,uM,95
44844,25,25,5.797672608,1,FLV,TBF,uM,uM,95
44844,14.4,0,13.32770838,1,FLV,TBF,uM,uM,95
44844,14.4,0.1,12.8283392,1,FLV,TBF,uM,uM,95
44844,14.4,0.2,13.34428348,1,FLV,TBF,uM,uM,95
44844,14.4,0.4,15.43503925,1,FLV,TBF,uM,uM,95
44844,14.4,0.83,12.73999741,1,FLV,TBF,uM,uM,95
44844,14.4,1.6,9.896132269,1,FLV,TBF,uM,uM,95
44844,14.4,3.15,10.5010355,1,FLV,TBF,uM,uM,95
44844,14.4,6.3,5.659781826,1,FLV,TBF,uM,uM,95
44844,14.4,12.5,3.268117341,1,FLV,TBF,uM,uM,95
44844,14.4,25,4.116533581,1,FLV,TBF,uM,uM,95
44844,8.3,0,22.92751653,1,FLV,TBF,uM,uM,95
44844,8.3,0.1,22.45353901,1,FLV,TBF,uM,uM,95
44844,8.3,0.2,19.02601851,1,FLV,TBF,uM,uM,95
44844,8.3,0.4,27.9377834,1,FLV,TBF,uM,uM,95
44844,8.3,0.83,16.53781284,1,FLV,TBF,uM,uM,95
44844,8.3,1.6,18.73833461,1,FLV,TBF,uM,uM,95
44844,8.3,3.15,11.33252397,1,FLV,TBF,uM,uM,95
44844,8.3,6.3,10.37522339,1,FLV,TBF,uM,uM,95
44844,8.3,12.5,4.436397877,1,FLV,TBF,uM,uM,95
44844,8.3,25,4.119090379,1,FLV,TBF,uM,uM,95
44844,4.8,0,40.49906941,1,FLV,TBF,uM,uM,95
44844,4.8,0.1,30.95119072,1,FLV,TBF,uM,uM,95
44844,4.8,0.2,37.01582835,1,FLV,TBF,uM,uM,95
44844,4.8,0.4,38.29793049,1,FLV,TBF,uM,uM,95
44844,4.8,0.83,32.07556485,1,FLV,TBF,uM,uM,95
44844,4.8,1.6,27.47068278,1,FLV,TBF,uM,uM,95
44844,4.8,3.15,25.05494912,1,FLV,TBF,uM,uM,95
44844,4.8,6.3,16.51303835,1,FLV,TBF,uM,uM,95
44844,4.8,12.5,6.835997253,1,FLV,TBF,uM,uM,95
44844,4.8,25,3.461464199,1,FLV,TBF,uM,uM,95
44844,2.7,0,42.48411479,1,FLV,TBF,uM,uM,95
44844,2.7,0.1,51.58111531,1,FLV,TBF,uM,uM,95
44844,2.7,0.2,42.43015753,1,FLV,TBF,uM,uM,95
44844,2.7,0.4,54.79977183,1,FLV,TBF,uM,uM,95
44844,2.7,0.83,37.98600109,1,FLV,TBF,uM,uM,95
44844,2.7,1.6,43.97314127,1,FLV,TBF,uM,uM,95
44844,2.7,3.15,33.13187525,1,FLV,TBF,uM,uM,95
44844,2.7,6.3,26.21723441,1,FLV,TBF,uM,uM,95
44844,2.7,12.5,9.971072912,1,FLV,TBF,uM,uM,95
44844,2.7,25,3.975557007,1,FLV,TBF,uM,uM,95
44844,1.6,0,58.1926433,1,FLV,TBF,uM,uM,95
44844,1.6,0.1,60.19373479,1,FLV,TBF,uM,uM,95
44844,1.6,0.2,56.55020891,1,FLV,TBF,uM,uM,95
44844,1.6,0.4,63.40771853,1,FLV,TBF,uM,uM,95
44844,1.6,0.83,54.4748821,1,FLV,TBF,uM,uM,95
44844,1.6,1.6,51.7475717,1,FLV,TBF,uM,uM,95
44844,1.6,3.15,47.52188928,1,FLV,TBF,uM,uM,95
44844,1.6,6.3,37.85101977,1,FLV,TBF,uM,uM,95
44844,1.6,12.5,15.2873621,1,FLV,TBF,uM,uM,95
44844,1.6,25,4.497232045,1,FLV,TBF,uM,uM,95
44844,0.9,0,62.31076386,1,FLV,TBF,uM,uM,95
44844,0.9,0.1,64.32040739,1,FLV,TBF,uM,uM,95
44844,0.9,0.2,59.70309399,1,FLV,TBF,uM,uM,95
44844,0.9,0.4,64.58322864,1,FLV,TBF,uM,uM,95
44844,0.9,0.83,58.8928534,1,FLV,TBF,uM,uM,95
44844,0.9,1.6,58.48561713,1,FLV,TBF,uM,uM,95
44844,0.9,3.15,54.43538397,1,FLV,TBF,uM,uM,95
44844,0.9,6.3,44.04825825,1,FLV,TBF,uM,uM,95
44844,0.9,12.5,19.02469603,1,FLV,TBF,uM,uM,95
44844,0.9,25,7.204088056,1,FLV,TBF,uM,uM,95
44844,0.5,0,82.3807496,1,FLV,TBF,uM,uM,95
44844,0.5,0.1,72.40465126,1,FLV,TBF,uM,uM,95
44844,0.5,0.2,75.64199885,1,FLV,TBF,uM,uM,95
44844,0.5,0.4,77.54866513,1,FLV,TBF,uM,uM,95
44844,0.5,0.83,69.88532318,1,FLV,TBF,uM,uM,95
44844,0.5,1.6,64.68726388,1,FLV,TBF,uM,uM,95
44844,0.5,3.15,68.54159338,1,FLV,TBF,uM,uM,95
44844,0.5,6.3,57.88397602,1,FLV,TBF,uM,uM,95
44844,0.5,12.5,35.08280059,1,FLV,TBF,uM,uM,95
44844,0.5,25,10.21194095,1,FLV,TBF,uM,uM,95
44844,0.3,0,79.04262888,1,FLV,TBF,uM,uM,95
44844,0.3,0.1,76.3801201,1,FLV,TBF,uM,uM,95
44844,0.3,0.2,76.03865527,1,FLV,TBF,uM,uM,95
44844,0.3,0.4,86.76636417,1,FLV,TBF,uM,uM,95
44844,0.3,0.83,76.06713271,1,FLV,TBF,uM,uM,95
44844,0.3,1.6,73.46254863,1,FLV,TBF,uM,uM,95
44844,0.3,3.15,73.62036481,1,FLV,TBF,uM,uM,95
44844,0.3,6.3,58.60129021,1,FLV,TBF,uM,uM,95
44844,0.3,12.5,33.10569011,1,FLV,TBF,uM,uM,95
44844,0.3,25,14.40747079,1,FLV,TBF,uM,uM,95
44844,0.17,0,91.93462355,1,FLV,TBF,uM,uM,95
44844,0.17,0.1,94.36322936,1,FLV,TBF,uM,uM,95
44844,0.17,0.2,90.51119216,1,FLV,TBF,uM,uM,95
44844,0.17,0.4,98.54059711,1,FLV,TBF,uM,uM,95
44844,0.17,0.83,94.27153728,1,FLV,TBF,uM,uM,95
44844,0.17,1.6,91.26271456,1,FLV,TBF,uM,uM,95
44844,0.17,3.15,88.3793513,1,FLV,TBF,uM,uM,95
44844,0.17,6.3,72.87369151,1,FLV,TBF,uM,uM,95
44844,0.17,12.5,56.70758426,1,FLV,TBF,uM,uM,95
44844,0.17,25,26.28027271,1,FLV,TBF,uM,uM,95
44844,0.1,0,114.3529845,1,FLV,TBF,uM,uM,95
44844,0.1,0.1,80.40698941,1,FLV,TBF,uM,uM,95
44844,0.1,0.2,99.68154635,1,FLV,TBF,uM,uM,95
44844,0.1,0.4,91.78051032,1,FLV,TBF,uM,uM,95
44844,0.1,0.83,93.69872627,1,FLV,TBF,uM,uM,95
44844,0.1,1.6,93.88881101,1,FLV,TBF,uM,uM,95
44844,0.1,3.15,87.68028735,1,FLV,TBF,uM,uM,95
44844,0.1,6.3,82.06379476,1,FLV,TBF,uM,uM,95
44844,0.1,12.5,49.30062747,1,FLV,TBF,uM,uM,95
44844,0.1,25,33.71879273,1,FLV,TBF,uM,uM,95
44844,0,0,100,1,FLV,TBF,uM,uM,95
44844,0,0.1,109.611975,1,FLV,TBF,uM,uM,95
44844,0,0.2,99.54832834,1,FLV,TBF,uM,uM,95
44844,0,0.4,110.1586008,1,FLV,TBF,uM,uM,95
44844,0,0.83,117.5766665,1,FLV,TBF,uM,uM,95
44844,0,1.6,123.8131386,1,FLV,TBF,uM,uM,95
44844,0,3.15,123.8576622,1,FLV,TBF,uM,uM,95
44844,0,6.3,118.8308202,1,FLV,TBF,uM,uM,95
44844,0,12.5,68.56892467,1,FLV,TBF,uM,uM,95
44844,0,25,48.84534103,1,FLV,TBF,uM,uM,95
44859,25,0,21.49818587,2,FLV,TBF,uM,uM,95
44859,25,0.1,29.64789749,2,FLV,TBF,uM,uM,95
44859,25,0.2,25.75495776,2,FLV,TBF,uM,uM,95
44859,25,0.4,25.27338681,2,FLV,TBF,uM,uM,95
44859,25,0.83,29.23926991,2,FLV,TBF,uM,uM,95
44859,25,1.6,27.18913522,2,FLV,TBF,uM,uM,95
44859,25,3.15,23.01857643,2,FLV,TBF,uM,uM,95
44859,25,6.3,19.10657652,2,FLV,TBF,uM,uM,95
44859,25,12.5,8.874721989,2,FLV,TBF,uM,uM,95
44859,25,25,2.588725305,2,FLV,TBF,uM,uM,95
44859,14.4,0,35.68257333,2,FLV,TBF,uM,uM,95
44859,14.4,0.1,36.69396882,2,FLV,TBF,uM,uM,95
44859,14.4,0.2,35.76918855,2,FLV,TBF,uM,uM,95
44859,14.4,0.4,38.4641522,2,FLV,TBF,uM,uM,95
44859,14.4,0.83,39.22961517,2,FLV,TBF,uM,uM,95
44859,14.4,1.6,39.94248171,2,FLV,TBF,uM,uM,95
44859,14.4,3.15,33.62640694,2,FLV,TBF,uM,uM,95
44859,14.4,6.3,26.53658568,2,FLV,TBF,uM,uM,95
44859,14.4,12.5,16.24529879,2,FLV,TBF,uM,uM,95
44859,14.4,25,3.379601835,2,FLV,TBF,uM,uM,95
44859,8.3,0,39.70652159,2,FLV,TBF,uM,uM,95
44859,8.3,0.1,39.53699061,2,FLV,TBF,uM,uM,95
44859,8.3,0.2,39.42608775,2,FLV,TBF,uM,uM,95
44859,8.3,0.4,39.75236252,2,FLV,TBF,uM,uM,95
44859,8.3,0.83,42.98052847,2,FLV,TBF,uM,uM,95
44859,8.3,1.6,41.31151681,2,FLV,TBF,uM,uM,95
44859,8.3,3.15,36.66179975,2,FLV,TBF,uM,uM,95
44859,8.3,6.3,33.53488595,2,FLV,TBF,uM,uM,95
44859,8.3,12.5,17.18664614,2,FLV,TBF,uM,uM,95
44859,8.3,25,4.078474832,2,FLV,TBF,uM,uM,95
44859,4.8,0,38.80522474,2,FLV,TBF,uM,uM,95
44859,4.8,0.1,48.83634429,2,FLV,TBF,uM,uM,95
44859,4.8,0.2,44.35374555,2,FLV,TBF,uM,uM,95
44859,4.8,0.4,49.20894252,2,FLV,TBF,uM,uM,95
44859,4.8,0.83,41.16844488,2,FLV,TBF,uM,uM,95
44859,4.8,1.6,45.86392243,2,FLV,TBF,uM,uM,95
44859,4.8,3.15,37.60025188,2,FLV,TBF,uM,uM,95
44859,4.8,6.3,43.93964922,2,FLV,TBF,uM,uM,95
44859,4.8,12.5,16.31373848,2,FLV,TBF,uM,uM,95
44859,4.8,25,6.159009289,2,FLV,TBF,uM,uM,95
44859,2.7,0,48.63440297,2,FLV,TBF,uM,uM,95
44859,2.7,0.1,55.17525909,2,FLV,TBF,uM,uM,95
44859,2.7,0.2,57.83982297,2,FLV,TBF,uM,uM,95
44859,2.7,0.4,52.54945894,2,FLV,TBF,uM,uM,95
44859,2.7,0.83,52.56650854,2,FLV,TBF,uM,uM,95
44859,2.7,1.6,49.50127892,2,FLV,TBF,uM,uM,95
44859,2.7,3.15,47.59598546,2,FLV,TBF,uM,uM,95
44859,2.7,6.3,42.18337897,2,FLV,TBF,uM,uM,95
44859,2.7,12.5,29.47506917,2,FLV,TBF,uM,uM,95
44859,2.7,25,7.255009428,2,FLV,TBF,uM,uM,95
44859,1.6,0,53.99803206,2,FLV,TBF,uM,uM,95
44859,1.6,0.1,62.78734517,2,FLV,TBF,uM,uM,95
44859,1.6,0.2,53.80791287,2,FLV,TBF,uM,uM,95
44859,1.6,0.4,65.31631643,2,FLV,TBF,uM,uM,95
44859,1.6,0.83,55.14333129,2,FLV,TBF,uM,uM,95
44859,1.6,1.6,66.50616983,2,FLV,TBF,uM,uM,95
44859,1.6,3.15,44.97396517,2,FLV,TBF,uM,uM,95
44859,1.6,6.3,52.55790332,2,FLV,TBF,uM,uM,95
44859,1.6,12.5,30.18463839,2,FLV,TBF,uM,uM,95
44859,1.6,25,12.15476056,2,FLV,TBF,uM,uM,95
44859,0.9,0,43.8558488,2,FLV,TBF,uM,uM,95
44859,0.9,0.1,53.51951717,2,FLV,TBF,uM,uM,95
44859,0.9,0.2,47.93657547,2,FLV,TBF,uM,uM,95
44859,0.9,0.4,60.5606023,2,FLV,TBF,uM,uM,95
44859,0.9,0.83,48.67123655,2,FLV,TBF,uM,uM,95
44859,0.9,1.6,63.63419588,2,FLV,TBF,uM,uM,95
44859,0.9,3.15,46.19735482,2,FLV,TBF,uM,uM,95
44859,0.9,6.3,58.91105293,2,FLV,TBF,uM,uM,95
44859,0.9,12.5,28.94612928,2,FLV,TBF,uM,uM,95
44859,0.9,25,21.48893726,2,FLV,TBF,uM,uM,95
44859,0.5,0,53.35022746,2,FLV,TBF,uM,uM,95
44859,0.5,0.1,54.7772473,2,FLV,TBF,uM,uM,95
44859,0.5,0.2,57.81609829,2,FLV,TBF,uM,uM,95
44859,0.5,0.4,61.34649263,2,FLV,TBF,uM,uM,95
44859,0.5,0.83,61.83747302,2,FLV,TBF,uM,uM,95
44859,0.5,1.6,65.31575347,2,FLV,TBF,uM,uM,95
44859,0.5,3.15,53.4195518,2,FLV,TBF,uM,uM,95
44859,0.5,6.3,57.69747485,2,FLV,TBF,uM,uM,95
44859,0.5,12.5,44.92997397,2,FLV,TBF,uM,uM,95
44859,0.5,25,26.87420005,2,FLV,TBF,uM,uM,95
44859,0.3,0,57.20955051,2,FLV,TBF,uM,uM,95
44859,0.3,0.1,60.38914117,2,FLV,TBF,uM,uM,95
44859,0.3,0.2,64.16410085,2,FLV,TBF,uM,uM,95
44859,0.3,0.4,64.98425123,2,FLV,TBF,uM,uM,95
44859,0.3,0.83,71.89022627,2,FLV,TBF,uM,uM,95
44859,0.3,1.6,70.1725589,2,FLV,TBF,uM,uM,95
44859,0.3,3.15,65.47474909,2,FLV,TBF,uM,uM,95
44859,0.3,6.3,64.87173992,2,FLV,TBF,uM,uM,95
44859,0.3,12.5,56.98895113,2,FLV,TBF,uM,uM,95
44859,0.3,25,34.37441819,2,FLV,TBF,uM,uM,95
44859,0.17,0,57.9906959,2,FLV,TBF,uM,uM,95
44859,0.17,0.1,62.82248988,2,FLV,TBF,uM,uM,95
44859,0.17,0.2,58.05238009,2,FLV,TBF,uM,uM,95
44859,0.17,0.4,61.98971314,2,FLV,TBF,uM,uM,95
44859,0.17,0.83,63.6275208,2,FLV,TBF,uM,uM,95
44859,0.17,1.6,68.00910867,2,FLV,TBF,uM,uM,95
44859,0.17,3.15,57.52955232,2,FLV,TBF,uM,uM,95
44859,0.17,6.3,60.8046851,2,FLV,TBF,uM,uM,95
44859,0.17,12.5,49.06796158,2,FLV,TBF,uM,uM,95
44859,0.17,25,33.07221433,2,FLV,TBF,uM,uM,95
44859,0.1,0,64.40689689,2,FLV,TBF,uM,uM,95
44859,0.1,0.1,68.54488449,2,FLV,TBF,uM,uM,95
44859,0.1,0.2,69.39270028,2,FLV,TBF,uM,uM,95
44859,0.1,0.4,73.65212611,2,FLV,TBF,uM,uM,95
44859,0.1,0.83,70.19813331,2,FLV,TBF,uM,uM,95
44859,0.1,1.6,73.93288165,2,FLV,TBF,uM,uM,95
44859,0.1,3.15,69.11290981,2,FLV,TBF,uM,uM,95
44859,0.1,6.3,60.35769591,2,FLV,TBF,uM,uM,95
44859,0.1,12.5,45.57842195,2,FLV,TBF,uM,uM,95
44859,0.1,25,36.13181436,2,FLV,TBF,uM,uM,95
44859,0,0,100,2,FLV,TBF,uM,uM,95
44859,0,0.1,98.8540976,2,FLV,TBF,uM,uM,95
44859,0,0.2,100.5194902,2,FLV,TBF,uM,uM,95
44859,0,0.4,104.9392789,2,FLV,TBF,uM,uM,95
44859,0,0.83,101.0994181,2,FLV,TBF,uM,uM,95
44859,0,1.6,112.2250098,2,FLV,TBF,uM,uM,95
44859,0,3.15,92.09400928,2,FLV,TBF,uM,uM,95
44859,0,6.3,87.77064741,2,FLV,TBF,uM,uM,95
44859,0,12.5,57.6472911,2,FLV,TBF,uM,uM,95
44859,0,25,41.19233041,2,FLV,TBF,uM,uM,95
44867,25,0,18.18450475,1,FLV,TBF,uM,uM,66
44867,25,0.1,25.69533316,1,FLV,TBF,uM,uM,66
44867,25,0.2,17.50429649,1,FLV,TBF,uM,uM,66
44867,25,0.4,25.700026,1,FLV,TBF,uM,uM,66
44867,25,0.83,17.19241282,1,FLV,TBF,uM,uM,66
44867,25,1.6,21.042571679999998,1,FLV,TBF,uM,uM,66
44867,25,3.15,16.3966592,1,FLV,TBF,uM,uM,66
44867,25,6.3,14.91752649,1,FLV,TBF,uM,uM,66
44867,25,12.5,1.234343985,1,FLV,TBF,uM,uM,66
44867,25,25,0.584575774,1,FLV,TBF,uM,uM,66
44867,14.4,0,24.45819884,1,FLV,TBF,uM,uM,66
44867,14.4,0.1,28.48541731,1,FLV,TBF,uM,uM,66
44867,14.4,0.2,23.79384477,1,FLV,TBF,uM,uM,66
44867,14.4,0.4,28.97461427,1,FLV,TBF,uM,uM,66
44867,14.4,0.83,28.8075745,1,FLV,TBF,uM,uM,66
44867,14.4,1.6,19.9167972,1,FLV,TBF,uM,uM,66
44867,14.4,3.15,27.28176704,1,FLV,TBF,uM,uM,66
44867,14.4,6.3,16.68583967,1,FLV,TBF,uM,uM,66
44867,14.4,12.5,2.378762993,1,FLV,TBF,uM,uM,66
44867,14.4,25,0.660295395,1,FLV,TBF,uM,uM,66
44867,8.3,0,37.91599815,1,FLV,TBF,uM,uM,66
44867,8.3,0.1,37.12696671,1,FLV,TBF,uM,uM,66
44867,8.3,0.2,42.89738533,1,FLV,TBF,uM,uM,66
44867,8.3,0.4,37.54767356,1,FLV,TBF,uM,uM,66
44867,8.3,0.83,35.98254771,1,FLV,TBF,uM,uM,66
44867,8.3,1.6,32.49272293,1,FLV,TBF,uM,uM,66
44867,8.3,3.15,30.52502743,1,FLV,TBF,uM,uM,66
44867,8.3,6.3,21.47431304,1,FLV,TBF,uM,uM,66
44867,8.3,12.5,2.717789038,1,FLV,TBF,uM,uM,66
44867,8.3,25,0.754025379,1,FLV,TBF,uM,uM,66
44867,4.8,0,43.12657353,1,FLV,TBF,uM,uM,66
44867,4.8,0.1,53.03227279,1,FLV,TBF,uM,uM,66
44867,4.8,0.2,62.28795018,1,FLV,TBF,uM,uM,66
44867,4.8,0.4,55.64440949,1,FLV,TBF,uM,uM,66
44867,4.8,0.83,40.71178981,1,FLV,TBF,uM,uM,66
44867,4.8,1.6,48.9558429,1,FLV,TBF,uM,uM,66
44867,4.8,3.15,40.44264905,1,FLV,TBF,uM,uM,66
44867,4.8,6.3,26.05858441,1,FLV,TBF,uM,uM,66
44867,4.8,12.5,5.752788752,1,FLV,TBF,uM,uM,66
44867,4.8,25,0.888342095,1,FLV,TBF,uM,uM,66
44867,2.7,0,68.90028981,1,FLV,TBF,uM,uM,66
44867,2.7,0.1,72.01684349,1,FLV,TBF,uM,uM,66
44867,2.7,0.2,84.59327655,1,FLV,TBF,uM,uM,66
44867,2.7,0.4,73.02174561,1,FLV,TBF,uM,uM,66
44867,2.7,0.83,71.3599726,1,FLV,TBF,uM,uM,66
44867,2.7,1.6,66.49780895,1,FLV,TBF,uM,uM,66
44867,2.7,3.15,57.92880834,1,FLV,TBF,uM,uM,66
44867,2.7,6.3,44.2054196,1,FLV,TBF,uM,uM,66
44867,2.7,12.5,12.15242855,1,FLV,TBF,uM,uM,66
44867,2.7,25,1.104973777,1,FLV,TBF,uM,uM,66
44867,1.6,0,84.51717643,1,FLV,TBF,uM,uM,66
44867,1.6,0.1,61.80902674,1,FLV,TBF,uM,uM,66
44867,1.6,0.2,104.68967,1,FLV,TBF,uM,uM,66
44867,1.6,0.4,96.19702322,1,FLV,TBF,uM,uM,66
44867,1.6,0.83,80.65928073,1,FLV,TBF,uM,uM,66
44867,1.6,1.6,79.82192571,1,FLV,TBF,uM,uM,66
44867,1.6,3.15,79.23050093,1,FLV,TBF,uM,uM,66
44867,1.6,6.3,68.32078738,1,FLV,TBF,uM,uM,66
44867,1.6,12.5,21.25362268,1,FLV,TBF,uM,uM,66
44867,1.6,25,1.383753892,1,FLV,TBF,uM,uM,66
44867,0.9,0,99.19435337,1,FLV,TBF,uM,uM,66
44867,0.9,0.1,110.9154211,1,FLV,TBF,uM,uM,66
44867,0.9,0.2,120.1113598,1,FLV,TBF,uM,uM,66
44867,0.9,0.4,119.6528566,1,FLV,TBF,uM,uM,66
44867,0.9,0.83,106.0021435,1,FLV,TBF,uM,uM,66
44867,0.9,1.6,111.5254904,1,FLV,TBF,uM,uM,66
44867,0.9,3.15,95.45200302,1,FLV,TBF,uM,uM,66
44867,0.9,6.3,97.83444418,1,FLV,TBF,uM,uM,66
44867,0.9,12.5,47.63613995,1,FLV,TBF,uM,uM,66
44867,0.9,25,3.930824989,1,FLV,TBF,uM,uM,66
44867,0.5,0,105.4362122,1,FLV,TBF,uM,uM,66
44867,0.5,0.1,120.7247268,1,FLV,TBF,uM,uM,66
44867,0.5,0.2,138.850254,1,FLV,TBF,uM,uM,66
44867,0.5,0.4,132.6470793,1,FLV,TBF,uM,uM,66
44867,0.5,0.83,114.2371914,1,FLV,TBF,uM,uM,66
44867,0.5,1.6,106.3505552,1,FLV,TBF,uM,uM,66
44867,0.5,3.15,121.1081446,1,FLV,TBF,uM,uM,66
44867,0.5,6.3,92.33760551,1,FLV,TBF,uM,uM,66
44867,0.5,12.5,57.58280645,1,FLV,TBF,uM,uM,66
44867,0.5,25,4.214678445,1,FLV,TBF,uM,uM,66
44867,0.3,0,112.2839549,1,FLV,TBF,uM,uM,66
44867,0.3,0.1,110.7362053,1,FLV,TBF,uM,uM,66
44867,0.3,0.2,119.7747436,1,FLV,TBF,uM,uM,66
44867,0.3,0.4,110.5983372,1,FLV,TBF,uM,uM,66
44867,0.3,0.83,100.632392,1,FLV,TBF,uM,uM,66
44867,0.3,1.6,94.67146943,1,FLV,TBF,uM,uM,66
44867,0.3,3.15,102.2398803,1,FLV,TBF,uM,uM,66
44867,0.3,6.3,78.0315435,1,FLV,TBF,uM,uM,66
44867,0.3,12.5,50.42863394,1,FLV,TBF,uM,uM,66
44867,0.3,25,5.04023794,1,FLV,TBF,uM,uM,66
44867,0.17,0,98.37361355,1,FLV,TBF,uM,uM,66
44867,0.17,0.1,110.6847109,1,FLV,TBF,uM,uM,66
44867,0.17,0.2,106.4123231,1,FLV,TBF,uM,uM,66
44867,0.17,0.4,104.5927692,1,FLV,TBF,uM,uM,66
44867,0.17,0.83,92.91786894,1,FLV,TBF,uM,uM,66
44867,0.17,1.6,100.6170452,1,FLV,TBF,uM,uM,66
44867,0.17,3.15,106.7018841,1,FLV,TBF,uM,uM,66
44867,0.17,6.3,80.85358971,1,FLV,TBF,uM,uM,66
44867,0.17,12.5,56.92377939,1,FLV,TBF,uM,uM,66
44867,0.17,25,9.366022564,1,FLV,TBF,uM,uM,66
44867,0.1,0,99.49786603,1,FLV,TBF,uM,uM,66
44867,0.1,0.1,97.77914476,1,FLV,TBF,uM,uM,66
44867,0.1,0.2,104.6800307,1,FLV,TBF,uM,uM,66
44867,0.1,0.4,112.9322011,1,FLV,TBF,uM,uM,66
44867,0.1,0.83,98.59810891,1,FLV,TBF,uM,uM,66
44867,0.1,1.6,91.25571544,1,FLV,TBF,uM,uM,66
44867,0.1,3.15,104.558651,1,FLV,TBF,uM,uM,66
44867,0.1,6.3,79.22796426,1,FLV,TBF,uM,uM,66
44867,0.1,12.5,58.7761832,1,FLV,TBF,uM,uM,66
44867,0.1,25,9.939563819,1,FLV,TBF,uM,uM,66
44867,0,0,100,1,FLV,TBF,uM,uM,66
44867,0,0.1,109.3562564,1,FLV,TBF,uM,uM,66
44867,0,0.2,116.3034366,1,FLV,TBF,uM,uM,66
44867,0,0.4,128.3679695,1,FLV,TBF,uM,uM,66
44867,0,0.83,109.9117873,1,FLV,TBF,uM,uM,66
44867,0,1.6,103.1814925,1,FLV,TBF,uM,uM,66
44867,0,3.15,106.2039356,1,FLV,TBF,uM,uM,66
44867,0,6.3,96.54492761,1,FLV,TBF,uM,uM,66
44867,0,12.5,54.89444279,1,FLV,TBF,uM,uM,66
44867,0,25,6.907100776,1,FLV,TBF,uM,uM,66
44893,25,0,26.1752035,2,FLV,TBF,uM,uM,66
44893,25,0.83,23.87055904,2,FLV,TBF,uM,uM,66
44893,25,1.6,21.35993455,2,FLV,TBF,uM,uM,66
44893,25,3.15,19.86347022,2,FLV,TBF,uM,uM,66
44893,25,6.3,12.32945922,2,FLV,TBF,uM,uM,66
44893,25,8.9,7.343187988,2,FLV,TBF,uM,uM,66
44893,25,12.5,1.434281684,2,FLV,TBF,uM,uM,66
44893,25,17.8,0.898539291,2,FLV,TBF,uM,uM,66
44893,25,25,0.39816328,2,FLV,TBF,uM,uM,66
44893,25,50,0.299836965,2,FLV,TBF,uM,uM,66
44893,14.4,0,42.84287416,2,FLV,TBF,uM,uM,66
44893,14.4,0.83,35.49366223,2,FLV,TBF,uM,uM,66
44893,14.4,1.6,35.6870114,2,FLV,TBF,uM,uM,66
44893,14.4,3.15,27.55468673,2,FLV,TBF,uM,uM,66
44893,14.4,6.3,22.8593137,2,FLV,TBF,uM,uM,66
44893,14.4,8.9,13.12986652,2,FLV,TBF,uM,uM,66
44893,14.4,12.5,7.848422018,2,FLV,TBF,uM,uM,66
44893,14.4,17.8,1.711966079,2,FLV,TBF,uM,uM,66
44893,14.4,25,0.685952356,2,FLV,TBF,uM,uM,66
44893,14.4,50,0.355024067,2,FLV,TBF,uM,uM,66
44893,8.3,0,45.44444077,2,FLV,TBF,uM,uM,66
44893,8.3,0.83,37.99437636,2,FLV,TBF,uM,uM,66
44893,8.3,1.6,52.39976448,2,FLV,TBF,uM,uM,66
44893,8.3,3.15,29.49789453,2,FLV,TBF,uM,uM,66
44893,8.3,6.3,26.07065892,2,FLV,TBF,uM,uM,66
44893,8.3,8.9,12.60656066,2,FLV,TBF,uM,uM,66
44893,8.3,12.5,7.68713577,2,FLV,TBF,uM,uM,66
44893,8.3,17.8,1.618886425,2,FLV,TBF,uM,uM,66
44893,8.3,25,0.805653957,2,FLV,TBF,uM,uM,66
44893,8.3,50,0.389224524,2,FLV,TBF,uM,uM,66
44893,4.8,0,54.72481263,2,FLV,TBF,uM,uM,66
44893,4.8,0.83,56.41443182,2,FLV,TBF,uM,uM,66
44893,4.8,1.6,56.40102368,2,FLV,TBF,uM,uM,66
44893,4.8,3.15,53.63953107,2,FLV,TBF,uM,uM,66
44893,4.8,6.3,37.54841016,2,FLV,TBF,uM,uM,66
44893,4.8,8.9,25.05688741,2,FLV,TBF,uM,uM,66
44893,4.8,12.5,11.69422459,2,FLV,TBF,uM,uM,66
44893,4.8,17.8,5.717694656,2,FLV,TBF,uM,uM,66
44893,4.8,25,1.799993393,2,FLV,TBF,uM,uM,66
44893,4.8,50,0.46773012,2,FLV,TBF,uM,uM,66
44893,2.7,0,61.39914849,2,FLV,TBF,uM,uM,66
44893,2.7,0.83,66.05915513,2,FLV,TBF,uM,uM,66
44893,2.7,1.6,66.40601773,2,FLV,TBF,uM,uM,66
44893,2.7,3.15,65.74435547,2,FLV,TBF,uM,uM,66
44893,2.7,6.3,49.64118668,2,FLV,TBF,uM,uM,66
44893,2.7,8.9,35.98801429,2,FLV,TBF,uM,uM,66
44893,2.7,12.5,17.13034844,2,FLV,TBF,uM,uM,66
44893,2.7,17.8,4.706643633,2,FLV,TBF,uM,uM,66
44893,2.7,25,1.193129594,2,FLV,TBF,uM,uM,66
44893,2.7,50,0.540211771,2,FLV,TBF,uM,uM,66
44893,1.6,0,66.54048771,2,FLV,TBF,uM,uM,66
44893,1.6,0.83,62.90532886,2,FLV,TBF,uM,uM,66
44893,1.6,1.6,78.75471471,2,FLV,TBF,uM,uM,66
44893,1.6,3.15,73.35026515,2,FLV,TBF,uM,uM,66
44893,1.6,6.3,59.69884165,2,FLV,TBF,uM,uM,66
44893,1.6,8.9,45.62671367,2,FLV,TBF,uM,uM,66
44893,1.6,12.5,32.36043396,2,FLV,TBF,uM,uM,66
44893,1.6,17.8,8.951969733,2,FLV,TBF,uM,uM,66
44893,1.6,25,2.021713404,2,FLV,TBF,uM,uM,66
44893,1.6,50,0.60725244,2,FLV,TBF,uM,uM,66
44893,0.9,0,69.14535777,2,FLV,TBF,uM,uM,66
44893,0.9,0.83,70.35228414,2,FLV,TBF,uM,uM,66
44893,0.9,1.6,74.9291215,2,FLV,TBF,uM,uM,66
44893,0.9,3.15,76.34358246,2,FLV,TBF,uM,uM,66
44893,0.9,6.3,64.02655976,2,FLV,TBF,uM,uM,66
44893,0.9,8.9,56.98068257,2,FLV,TBF,uM,uM,66
44893,0.9,12.5,37.11643507,2,FLV,TBF,uM,uM,66
44893,0.9,17.8,13.27677303,2,FLV,TBF,uM,uM,66
44893,0.9,25,2.877502123,2,FLV,TBF,uM,uM,66
44893,0.9,50,0.705384435,2,FLV,TBF,uM,uM,66
44893,0.5,0,67.90325934,2,FLV,TBF,uM,uM,66
44893,0.5,0.83,75.61215904,2,FLV,TBF,uM,uM,66
44893,0.5,1.6,78.50151473,2,FLV,TBF,uM,uM,66
44893,0.5,3.15,82.9877986,2,FLV,TBF,uM,uM,66
44893,0.5,6.3,63.97428747,2,FLV,TBF,uM,uM,66
44893,0.5,8.9,63.38005453,2,FLV,TBF,uM,uM,66
44893,0.5,12.5,45.32726534,2,FLV,TBF,uM,uM,66
44893,0.5,17.8,25.07748541,2,FLV,TBF,uM,uM,66
44893,0.5,25,6.960959012,2,FLV,TBF,uM,uM,66
44893,0.5,50,0.917194086,2,FLV,TBF,uM,uM,66
44893,0.3,0,71.71116936,2,FLV,TBF,uM,uM,66
44893,0.3,0.83,82.29485069,2,FLV,TBF,uM,uM,66
44893,0.3,1.6,78.08411369,2,FLV,TBF,uM,uM,66
44893,0.3,3.15,82.83292494,2,FLV,TBF,uM,uM,66
44893,0.3,6.3,68.06551719,2,FLV,TBF,uM,uM,66
44893,0.3,8.9,59.37277138,2,FLV,TBF,uM,uM,66
44893,0.3,12.5,40.77510673,2,FLV,TBF,uM,uM,66
44893,0.3,17.8,22.51750344,2,FLV,TBF,uM,uM,66
44893,0.3,25,6.550747844,2,FLV,TBF,uM,uM,66
44893,0.3,50,0.986955246,2,FLV,TBF,uM,uM,66
44893,0.17,0,81.33626628,2,FLV,TBF,uM,uM,66
44893,0.17,0.83,90.79074955,2,FLV,TBF,uM,uM,66
44893,0.17,1.6,79.0370628,2,FLV,TBF,uM,uM,66
44893,0.17,3.15,93.77707131,2,FLV,TBF,uM,uM,66
44893,0.17,6.3,79.9385169,2,FLV,TBF,uM,uM,66
44893,0.17,8.9,62.1884795,2,FLV,TBF,uM,uM,66
44893,0.17,12.5,48.27724912,2,FLV,TBF,uM,uM,66
44893,0.17,17.8,28.46022156,2,FLV,TBF,uM,uM,66
44893,0.17,25,9.490626937,2,FLV,TBF,uM,uM,66
44893,0.17,50,2.280937326,2,FLV,TBF,uM,uM,66
44893,0.1,0,74.51366367,2,FLV,TBF,uM,uM,66
44893,0.1,0.83,90.68329016,2,FLV,TBF,uM,uM,66
44893,0.1,1.6,84.15411192,2,FLV,TBF,uM,uM,66
44893,0.1,3.15,87.27490367,2,FLV,TBF,uM,uM,66
44893,0.1,6.3,72.07999021,2,FLV,TBF,uM,uM,66
44893,0.1,8.9,63.6575446,2,FLV,TBF,uM,uM,66
44893,0.1,12.5,44.56611084,2,FLV,TBF,uM,uM,66
44893,0.1,17.8,27.70003867,2,FLV,TBF,uM,uM,66
44893,0.1,25,9.552226625,2,FLV,TBF,uM,uM,66
44893,0.1,50,1.18710565,2,FLV,TBF,uM,uM,66
44893,0,0,100,2,FLV,TBF,uM,uM,66
44893,0,0.83,113.5414379,2,FLV,TBF,uM,uM,66
44893,0,1.6,107.8080033,2,FLV,TBF,uM,uM,66
44893,0,3.15,104.3988395,2,FLV,TBF,uM,uM,66
44893,0,6.3,93.06974367,2,FLV,TBF,uM,uM,66
44893,0,8.9,81.61356204,2,FLV,TBF,uM,uM,66
44893,0,12.5,56.1458805,2,FLV,TBF,uM,uM,66
44893,0,17.8,26.69384567,2,FLV,TBF,uM,uM,66
44893,0,25,9.985561966,2,FLV,TBF,uM,uM,66
44893,0,50,0.655249673,2,FLV,TBF,uM,uM,66
44894,25,0,15.3219874,1,FLV,TBF,uM,uM,180
44894,25,0.83,16.17806605,1,FLV,TBF,uM,uM,180
44894,25,1.6,12.54354221,1,FLV,TBF,uM,uM,180
44894,25,3.15,13.45889436,1,FLV,TBF,uM,uM,180
44894,25,6.3,8.207685867,1,FLV,TBF,uM,uM,180
44894,25,8.9,7.035764147,1,FLV,TBF,uM,uM,180
44894,25,12.5,2.941447311,1,FLV,TBF,uM,uM,180
44894,25,17.8,1.710040401,1,FLV,TBF,uM,uM,180
44894,25,25,2.072667191,1,FLV,TBF,uM,uM,180
44894,25,50,2.722770443,1,FLV,TBF,uM,uM,180
44894,14.4,0,27.4889312,1,FLV,TBF,uM,uM,180
44894,14.4,0.83,27.07676871,1,FLV,TBF,uM,uM,180
44894,14.4,1.6,24.69016367,1,FLV,TBF,uM,uM,180
44894,14.4,3.15,22.22925507,1,FLV,TBF,uM,uM,180
44894,14.4,6.3,16.24623058,1,FLV,TBF,uM,uM,180
44894,14.4,8.9,11.37183218,1,FLV,TBF,uM,uM,180
44894,14.4,12.5,5.49804027,1,FLV,TBF,uM,uM,180
44894,14.4,17.8,2.518700259,1,FLV,TBF,uM,uM,180
44894,14.4,25,1.976982831,1,FLV,TBF,uM,uM,180
44894,14.4,50,2.597237643,1,FLV,TBF,uM,uM,180
44894,8.3,0,42.22961494,1,FLV,TBF,uM,uM,180
44894,8.3,0.83,44.58361956,1,FLV,TBF,uM,uM,180
44894,8.3,1.6,42.27068301,1,FLV,TBF,uM,uM,180
44894,8.3,3.15,42.39198199,1,FLV,TBF,uM,uM,180
44894,8.3,6.3,33.77954281,1,FLV,TBF,uM,uM,180
44894,8.3,8.9,23.0954949,1,FLV,TBF,uM,uM,180
44894,8.3,12.5,14.98158817,1,FLV,TBF,uM,uM,180
44894,8.3,17.8,5.158699497,1,FLV,TBF,uM,uM,180
44894,8.3,25,2.710915744,1,FLV,TBF,uM,uM,180
44894,8.3,50,2.763203436,1,FLV,TBF,uM,uM,180
44894,4.8,0,46.03941899,1,FLV,TBF,uM,uM,180
44894,4.8,0.83,56.90044063,1,FLV,TBF,uM,uM,180
44894,4.8,1.6,49.59159502,1,FLV,TBF,uM,uM,180
44894,4.8,3.15,57.42564616,1,FLV,TBF,uM,uM,180
44894,4.8,6.3,39.93234354,1,FLV,TBF,uM,uM,180
44894,4.8,8.9,34.90468081,1,FLV,TBF,uM,uM,180
44894,4.8,12.5,23.35396968,1,FLV,TBF,uM,uM,180
44894,4.8,17.8,10.88197906,1,FLV,TBF,uM,uM,180
44894,4.8,25,3.709885867,1,FLV,TBF,uM,uM,180
44894,4.8,50,3.222573041,1,FLV,TBF,uM,uM,180
44894,2.7,0,66.43754637,1,FLV,TBF,uM,uM,180
44894,2.7,0.83,71.89854071,1,FLV,TBF,uM,uM,180
44894,2.7,1.6,64.67797026,1,FLV,TBF,uM,uM,180
44894,2.7,3.15,64.37271175,1,FLV,TBF,uM,uM,180
44894,2.7,6.3,53.55847383,1,FLV,TBF,uM,uM,180
44894,2.7,8.9,52.5385463,1,FLV,TBF,uM,uM,180
44894,2.7,12.5,34.29564562,1,FLV,TBF,uM,uM,180
44894,2.7,17.8,21.02727322,1,FLV,TBF,uM,uM,180
44894,2.7,25,8.086175198,1,FLV,TBF,uM,uM,180
44894,2.7,50,3.6806725,1,FLV,TBF,uM,uM,180
44894,1.6,0,70.60447324,1,FLV,TBF,uM,uM,180
44894,1.6,0.83,81.19029651,1,FLV,TBF,uM,uM,180
44894,1.6,1.6,74.81839553,1,FLV,TBF,uM,uM,180
44894,1.6,3.15,70.77975344,1,FLV,TBF,uM,uM,180
44894,1.6,6.3,72.75398429,1,FLV,TBF,uM,uM,180
44894,1.6,8.9,60.73945805,1,FLV,TBF,uM,uM,180
44894,1.6,12.5,47.42832405,1,FLV,TBF,uM,uM,180
44894,1.6,17.8,26.19190006,1,FLV,TBF,uM,uM,180
44894,1.6,25,14.81096517,1,FLV,TBF,uM,uM,180
44894,1.6,50,5.375894527,1,FLV,TBF,uM,uM,180
44894,0.9,0,77.69993427,1,FLV,TBF,uM,uM,180
44894,0.9,0.83,88.60943317,1,FLV,TBF,uM,uM,180
44894,0.9,1.6,84.14592712,1,FLV,TBF,uM,uM,180
44894,0.9,3.15,88.06835081,1,FLV,TBF,uM,uM,180
44894,0.9,6.3,86.53634259,1,FLV,TBF,uM,uM,180
44894,0.9,8.9,76.21979036,1,FLV,TBF,uM,uM,180
44894,0.9,12.5,61.39548865,1,FLV,TBF,uM,uM,180
44894,0.9,17.8,41.94298525,1,FLV,TBF,uM,uM,180
44894,0.9,25,20.25629437,1,FLV,TBF,uM,uM,180
44894,0.9,50,8.362008652,1,FLV,TBF,uM,uM,180
44894,0.5,0,90.58302894,1,FLV,TBF,uM,uM,180
44894,0.5,0.83,98.51975025,1,FLV,TBF,uM,uM,180
44894,0.5,1.6,92.56572743,1,FLV,TBF,uM,uM,180
44894,0.5,3.15,96.38738618,1,FLV,TBF,uM,uM,180
44894,0.5,6.3,91.46959111,1,FLV,TBF,uM,uM,180
44894,0.5,8.9,83.83664647,1,FLV,TBF,uM,uM,180
44894,0.5,12.5,78.61719164,1,FLV,TBF,uM,uM,180
44894,0.5,17.8,47.96707781,1,FLV,TBF,uM,uM,180
44894,0.5,25,29.07386219,1,FLV,TBF,uM,uM,180
44894,0.5,50,11.38199335,1,FLV,TBF,uM,uM,180
44894,0.3,0,100.6389895,1,FLV,TBF,uM,uM,180
44894,0.3,0.83,102.4364583,1,FLV,TBF,uM,uM,180
44894,0.3,1.6,99.11904764,1,FLV,TBF,uM,uM,180
44894,0.3,3.15,100.2217464,1,FLV,TBF,uM,uM,180
44894,0.3,6.3,101.1675821,1,FLV,TBF,uM,uM,180
44894,0.3,8.9,96.72969062,1,FLV,TBF,uM,uM,180
44894,0.3,12.5,78.72367225,1,FLV,TBF,uM,uM,180
44894,0.3,17.8,56.46626227,1,FLV,TBF,uM,uM,180
44894,0.3,25,36.61747319,1,FLV,TBF,uM,uM,180
44894,0.3,50,15.94393574,1,FLV,TBF,uM,uM,180
44894,0.17,0,83.01274486,1,FLV,TBF,uM,uM,180
44894,0.17,0.83,100.8644405,1,FLV,TBF,uM,uM,180
44894,0.17,1.6,92.09069268,1,FLV,TBF,uM,uM,180
44894,0.17,3.15,105.7235971,1,FLV,TBF,uM,uM,180
44894,0.17,6.3,90.1577416,1,FLV,TBF,uM,uM,180
44894,0.17,8.9,85.1931628,1,FLV,TBF,uM,uM,180
44894,0.17,12.5,72.711011,1,FLV,TBF,uM,uM,180
44894,0.17,17.8,55.4114057,1,FLV,TBF,uM,uM,180
44894,0.17,25,33.55620874,1,FLV,TBF,uM,uM,180
44894,0.17,50,20.30837037,1,FLV,TBF,uM,uM,180
44894,0.1,0,94.14113231,1,FLV,TBF,uM,uM,180
44894,0.1,0.83,103.8852719,1,FLV,TBF,uM,uM,180
44894,0.1,1.6,101.7780991,1,FLV,TBF,uM,uM,180
44894,0.1,3.15,104.3704678,1,FLV,TBF,uM,uM,180
44894,0.1,6.3,110.553117,1,FLV,TBF,uM,uM,180
44894,0.1,8.9,88.10582013,1,FLV,TBF,uM,uM,180
44894,0.1,12.5,87.57659247,1,FLV,TBF,uM,uM,180
44894,0.1,17.8,57.35155429,1,FLV,TBF,uM,uM,180
44894,0.1,25,38.4102848,1,FLV,TBF,uM,uM,180
44894,0.1,50,17.5792492,1,FLV,TBF,uM,uM,180
44894,0,0,100,1,FLV,TBF,uM,uM,180
44894,0,0.83,101.7393596,1,FLV,TBF,uM,uM,180
44894,0,1.6,97.38064064,1,FLV,TBF,uM,uM,180
44894,0,3.15,105.3760004,1,FLV,TBF,uM,uM,180
44894,0,6.3,93.91335273,1,FLV,TBF,uM,uM,180
44894,0,8.9,86.81873847,1,FLV,TBF,uM,uM,180
44894,0,12.5,85.45714156,1,FLV,TBF,uM,uM,180
44894,0,17.8,63.22005392,1,FLV,TBF,uM,uM,180
44894,0,25,40.1226538,1,FLV,TBF,uM,uM,180
44894,0,50,20.0494722,1,FLV,TBF,uM,uM,180
44894,25,0,3.048620576,1,FLV,TBF,uM,uM,137
44894,25,0.83,2.680171096,1,FLV,TBF,uM,uM,137
44894,25,1.6,2.463366418,1,FLV,TBF,uM,uM,137
44894,25,3.15,2.928101731,1,FLV,TBF,uM,uM,137
44894,25,6.3,2.545758658,1,FLV,TBF,uM,uM,137
44894,25,8.9,1.772779435,1,FLV,TBF,uM,uM,137
44894,25,12.5,1.277887485,1,FLV,TBF,uM,uM,137
44894,25,17.8,0.769963559,1,FLV,TBF,uM,uM,137
44894,25,25,0.420685083,1,FLV,TBF,uM,uM,137
44894,25,50,0.358540871,1,FLV,TBF,uM,uM,137
44894,14.4,0,5.569823115,1,FLV,TBF,uM,uM,137
44894,14.4,0.83,4.321769161,1,FLV,TBF,uM,uM,137
44894,14.4,1.6,5.367558244,1,FLV,TBF,uM,uM,137
44894,14.4,3.15,5.026249737,1,FLV,TBF,uM,uM,137
44894,14.4,6.3,4.027526547,1,FLV,TBF,uM,uM,137
44894,14.4,8.9,4.149660926,1,FLV,TBF,uM,uM,137
44894,14.4,12.5,3.548682236,1,FLV,TBF,uM,uM,137
44894,14.4,17.8,3.050990026,1,FLV,TBF,uM,uM,137
44894,14.4,25,3.062406467,1,FLV,TBF,uM,uM,137
44894,14.4,50,0.450734018,1,FLV,TBF,uM,uM,137
44894,8.3,0,7.794628995,1,FLV,TBF,uM,uM,137
44894,8.3,0.83,6.932795396,1,FLV,TBF,uM,uM,137
44894,8.3,1.6,8.318923667,1,FLV,TBF,uM,uM,137
44894,8.3,3.15,7.708574878,1,FLV,TBF,uM,uM,137
44894,8.3,6.3,8.053760667,1,FLV,TBF,uM,uM,137
44894,8.3,8.9,6.227130095,1,FLV,TBF,uM,uM,137
44894,8.3,12.5,4.779826933,1,FLV,TBF,uM,uM,137
44894,8.3,17.8,5.045743848,1,FLV,TBF,uM,uM,137
44894,8.3,25,2.330354109,1,FLV,TBF,uM,uM,137
44894,8.3,50,0.51664781,1,FLV,TBF,uM,uM,137
44894,4.8,0,9.582163642,1,FLV,TBF,uM,uM,137
44894,4.8,0.83,13.506942220000001,1,FLV,TBF,uM,uM,137
44894,4.8,1.6,13.95875326,1,FLV,TBF,uM,uM,137
44894,4.8,3.15,13.52675944,1,FLV,TBF,uM,uM,137
44894,4.8,6.3,11.25714941,1,FLV,TBF,uM,uM,137
44894,4.8,8.9,12.66815691,1,FLV,TBF,uM,uM,137
44894,4.8,12.5,8.680264797,1,FLV,TBF,uM,uM,137
44894,4.8,17.8,8.873913486,1,FLV,TBF,uM,uM,137
44894,4.8,25,5.121350845,1,FLV,TBF,uM,uM,137
44894,4.8,50,0.783210939,1,FLV,TBF,uM,uM,137
44894,2.7,0,14.29661529,1,FLV,TBF,uM,uM,137
44894,2.7,0.83,19.6483413,1,FLV,TBF,uM,uM,137
44894,2.7,1.6,24.50722171,1,FLV,TBF,uM,uM,137
44894,2.7,3.15,21.87993243,1,FLV,TBF,uM,uM,137
44894,2.7,6.3,19.50865145,1,FLV,TBF,uM,uM,137
44894,2.7,8.9,18.93739859,1,FLV,TBF,uM,uM,137
44894,2.7,12.5,16.9440449,1,FLV,TBF,uM,uM,137
44894,2.7,17.8,15.26572036,1,FLV,TBF,uM,uM,137
44894,2.7,25,10.79855313,1,FLV,TBF,uM,uM,137
44894,2.7,50,1.000231021,1,FLV,TBF,uM,uM,137
44894,1.6,0,24.19520822,1,FLV,TBF,uM,uM,137
44894,1.6,0.83,36.97246753,1,FLV,TBF,uM,uM,137
44894,1.6,1.6,38.19919643,1,FLV,TBF,uM,uM,137
44894,1.6,3.15,37.31140659,1,FLV,TBF,uM,uM,137
44894,1.6,6.3,39.23712325,1,FLV,TBF,uM,uM,137
44894,1.6,8.9,31.50205361,1,FLV,TBF,uM,uM,137
44894,1.6,12.5,32.37799621,1,FLV,TBF,uM,uM,137
44894,1.6,17.8,22.25365932,1,FLV,TBF,uM,uM,137
44894,1.6,25,16.56644073,1,FLV,TBF,uM,uM,137
44894,1.6,50,1.507293329,1,FLV,TBF,uM,uM,137
44894,0.9,0,38.51799517,1,FLV,TBF,uM,uM,137
44894,0.9,0.83,60.02183125,1,FLV,TBF,uM,uM,137
44894,0.9,1.6,62.56102007,1,FLV,TBF,uM,uM,137
44894,0.9,3.15,64.95093354,1,FLV,TBF,uM,uM,137
44894,0.9,6.3,61.08162163,1,FLV,TBF,uM,uM,137
44894,0.9,8.9,51.82514967,1,FLV,TBF,uM,uM,137
44894,0.9,12.5,49.83825811,1,FLV,TBF,uM,uM,137
44894,0.9,17.8,40.08452474,1,FLV,TBF,uM,uM,137
44894,0.9,25,28.83286815,1,FLV,TBF,uM,uM,137
44894,0.9,50,2.909146131,1,FLV,TBF,uM,uM,137
44894,0.5,0,58.84776876,1,FLV,TBF,uM,uM,137
44894,0.5,0.83,84.65829569,1,FLV,TBF,uM,uM,137
44894,0.5,1.6,95.63218812,1,FLV,TBF,uM,uM,137
44894,0.5,3.15,104.3553184,1,FLV,TBF,uM,uM,137
44894,0.5,6.3,103.7136283,1,FLV,TBF,uM,uM,137
44894,0.5,8.9,97.78364875,1,FLV,TBF,uM,uM,137
44894,0.5,12.5,73.92005583,1,FLV,TBF,uM,uM,137
44894,0.5,17.8,68.12524267,1,FLV,TBF,uM,uM,137
44894,0.5,25,52.62505446,1,FLV,TBF,uM,uM,137
44894,0.5,50,7.090256121,1,FLV,TBF,uM,uM,137
44894,0.3,0,75.05545321,1,FLV,TBF,uM,uM,137
44894,0.3,0.83,103.6365134,1,FLV,TBF,uM,uM,137
44894,0.3,1.6,109.3849069,1,FLV,TBF,uM,uM,137
44894,0.3,3.15,117.732264,1,FLV,TBF,uM,uM,137
44894,0.3,6.3,107.3874605,1,FLV,TBF,uM,uM,137
44894,0.3,8.9,99.27984874,1,FLV,TBF,uM,uM,137
44894,0.3,12.5,103.585678,1,FLV,TBF,uM,uM,137
44894,0.3,17.8,81.42270396,1,FLV,TBF,uM,uM,137
44894,0.3,25,56.02521526,1,FLV,TBF,uM,uM,137
44894,0.3,50,2.762024824,1,FLV,TBF,uM,uM,137
44894,0.17,0,85.8475442,1,FLV,TBF,uM,uM,137
44894,0.17,0.83,130.0800066,1,FLV,TBF,uM,uM,137
44894,0.17,1.6,120.7935934,1,FLV,TBF,uM,uM,137
44894,0.17,3.15,120.2969783,1,FLV,TBF,uM,uM,137
44894,0.17,6.3,111.785806,1,FLV,TBF,uM,uM,137
44894,0.17,8.9,130.6339194,1,FLV,TBF,uM,uM,137
44894,0.17,12.5,120.6165309,1,FLV,TBF,uM,uM,137
44894,0.17,17.8,106.2407544,1,FLV,TBF,uM,uM,137
44894,0.17,25,84.3603912,1,FLV,TBF,uM,uM,137
44894,0.17,50,3.51572534,1,FLV,TBF,uM,uM,137
44894,0.1,0,98.41284543,1,FLV,TBF,uM,uM,137
44894,0.1,0.83,118.8328735,1,FLV,TBF,uM,uM,137
44894,0.1,1.6,127.8155663,1,FLV,TBF,uM,uM,137
44894,0.1,3.15,125.086283,1,FLV,TBF,uM,uM,137
44894,0.1,6.3,124.1351642,1,FLV,TBF,uM,uM,137
44894,0.1,8.9,126.8146891,1,FLV,TBF,uM,uM,137
44894,0.1,12.5,128.8855884,1,FLV,TBF,uM,uM,137
44894,0.1,17.8,122.4268984,1,FLV,TBF,uM,uM,137
44894,0.1,25,91.32872834,1,FLV,TBF,uM,uM,137
44894,0.1,50,2.691479835,1,FLV,TBF,uM,uM,137
44894,0,0,100,1,FLV,TBF,uM,uM,137
44894,0,0.83,101.3319002,1,FLV,TBF,uM,uM,137
44894,0,1.6,121.9370685,1,FLV,TBF,uM,uM,137
44894,0,3.15,106.5197033,1,FLV,TBF,uM,uM,137
44894,0,6.3,129.779625,1,FLV,TBF,uM,uM,137
44894,0,8.9,80.28450633,1,FLV,TBF,uM,uM,137
44894,0,12.5,104.6981348,1,FLV,TBF,uM,uM,137
44894,0,17.8,74.97963081,1,FLV,TBF,uM,uM,137
44894,0,25,86.92822882,1,FLV,TBF,uM,uM,137
44894,0,50,21.12127761,1,FLV,TBF,uM,uM,137
44895,25,0,1.354219563,1,FLV,TBF,uM,uM,143
44895,25,0.83,1.116903319,1,FLV,TBF,uM,uM,143
44895,25,1.6,1.202522289,1,FLV,TBF,uM,uM,143
44895,25,3.15,0.823793332,1,FLV,TBF,uM,uM,143
44895,25,6.3,0.995288386,1,FLV,TBF,uM,uM,143
44895,25,8.9,0.543539046,1,FLV,TBF,uM,uM,143
44895,25,12.5,0.48183168,1,FLV,TBF,uM,uM,143
44895,25,17.8,0.279740058,1,FLV,TBF,uM,uM,143
44895,25,25,0.272540865,1,FLV,TBF,uM,uM,143
44895,25,50,0.239116042,1,FLV,TBF,uM,uM,143
44895,14.4,0,2.289857495,1,FLV,TBF,uM,uM,143
44895,14.4,0.83,2.165157193,1,FLV,TBF,uM,uM,143
44895,14.4,1.6,1.91189988,1,FLV,TBF,uM,uM,143
44895,14.4,3.15,1.787199578,1,FLV,TBF,uM,uM,143
44895,14.4,6.3,1.588707552,1,FLV,TBF,uM,uM,143
44895,14.4,8.9,1.118446003,1,FLV,TBF,uM,uM,143
44895,14.4,12.5,0.49648718,1,FLV,TBF,uM,uM,143
44895,14.4,17.8,0.421666999,1,FLV,TBF,uM,uM,143
44895,14.4,25,0.33167709,1,FLV,TBF,uM,uM,143
44895,14.4,50,0.284882338,1,FLV,TBF,uM,uM,143
44895,8.3,0,3.384134779,1,FLV,TBF,uM,uM,143
44895,8.3,0.83,1.764059316,1,FLV,TBF,uM,uM,143
44895,8.3,1.6,3.016461725,1,FLV,TBF,uM,uM,143
44895,8.3,3.15,1.587164868,1,FLV,TBF,uM,uM,143
44895,8.3,6.3,1.548597764,1,FLV,TBF,uM,uM,143
44895,8.3,8.9,0.947208063,1,FLV,TBF,uM,uM,143
44895,8.3,12.5,0.984746711,1,FLV,TBF,uM,uM,143
44895,8.3,17.8,0.499829662,1,FLV,TBF,uM,uM,143
44895,8.3,25,0.428094849,1,FLV,TBF,uM,uM,143
44895,8.3,50,0.338362055,1,FLV,TBF,uM,uM,143
44895,4.8,0,18.9027659,1,FLV,TBF,uM,uM,143
44895,4.8,0.83,18.65079416,1,FLV,TBF,uM,uM,143
44895,4.8,1.6,13.81267958,1,FLV,TBF,uM,uM,143
44895,4.8,3.15,12.36384205,1,FLV,TBF,uM,uM,143
44895,4.8,6.3,8.251817475,1,FLV,TBF,uM,uM,143
44895,4.8,8.9,4.816517005,1,FLV,TBF,uM,uM,143
44895,4.8,12.5,2.580653455,1,FLV,TBF,uM,uM,143
44895,4.8,17.8,1.226948121,1,FLV,TBF,uM,uM,143
44895,4.8,25,0.626329762,1,FLV,TBF,uM,uM,143
44895,4.8,50,0.327563266,1,FLV,TBF,uM,uM,143
44895,2.7,0,36.62974938,1,FLV,TBF,uM,uM,143
44895,2.7,0.83,37.26713504,1,FLV,TBF,uM,uM,143
44895,2.7,1.6,30.14121988,1,FLV,TBF,uM,uM,143
44895,2.7,3.15,30.16667417,1,FLV,TBF,uM,uM,143
44895,2.7,6.3,21.73616244,1,FLV,TBF,uM,uM,143
44895,2.7,8.9,16.73323777,1,FLV,TBF,uM,uM,143
44895,2.7,12.5,8.244361168,1,FLV,TBF,uM,uM,143
44895,2.7,17.8,3.644848399,1,FLV,TBF,uM,uM,143
44895,2.7,25,1.206121885,1,FLV,TBF,uM,uM,143
44895,2.7,50,0.491087785,1,FLV,TBF,uM,uM,143
44895,1.6,0,51.11272522,1,FLV,TBF,uM,uM,143
44895,1.6,0.83,42.58193903,1,FLV,TBF,uM,uM,143
44895,1.6,1.6,47.51184331,1,FLV,TBF,uM,uM,143
44895,1.6,3.15,37.74922384,1,FLV,TBF,uM,uM,143
44895,1.6,6.3,38.2729651,1,FLV,TBF,uM,uM,143
44895,1.6,8.9,25.34295797,1,FLV,TBF,uM,uM,143
44895,1.6,12.5,15.80711306,1,FLV,TBF,uM,uM,143
44895,1.6,17.8,6.014411241,1,FLV,TBF,uM,uM,143
44895,1.6,25,3.089739222,1,FLV,TBF,uM,uM,143
44895,1.6,50,0.510885565,1,FLV,TBF,uM,uM,143
44895,0.9,0,53.83119179,1,FLV,TBF,uM,uM,143
44895,0.9,0.83,51.24359625,1,FLV,TBF,uM,uM,143
44895,0.9,1.6,52.5278808,1,FLV,TBF,uM,uM,143
44895,0.9,3.15,52.32450361,1,FLV,TBF,uM,uM,143
44895,0.9,6.3,54.41689753,1,FLV,TBF,uM,uM,143
44895,0.9,8.9,44.11125324,1,FLV,TBF,uM,uM,143
44895,0.9,12.5,30.83337083,1,FLV,TBF,uM,uM,143
44895,0.9,17.8,15.26100287,1,FLV,TBF,uM,uM,143
44895,0.9,25,6.448419713,1,FLV,TBF,uM,uM,143
44895,0.9,50,1.705951547,1,FLV,TBF,uM,uM,143
44895,0.5,0,65.30773335,1,FLV,TBF,uM,uM,143
44895,0.5,0.83,60.45059233,1,FLV,TBF,uM,uM,143
44895,0.5,1.6,59.48512917,1,FLV,TBF,uM,uM,143
44895,0.5,3.15,64.99996786,1,FLV,TBF,uM,uM,143
44895,0.5,6.3,60.39377013,1,FLV,TBF,uM,uM,143
44895,0.5,8.9,50.01022028,1,FLV,TBF,uM,uM,143
44895,0.5,12.5,44.79363386,1,FLV,TBF,uM,uM,143
44895,0.5,17.8,23.53236101,1,FLV,TBF,uM,uM,143
44895,0.5,25,12.03550745,1,FLV,TBF,uM,uM,143
44895,0.5,50,3.26791924,1,FLV,TBF,uM,uM,143
44895,0.3,0,64.14094991,1,FLV,TBF,uM,uM,143
44895,0.3,0.83,66.18603485,1,FLV,TBF,uM,uM,143
44895,0.3,1.6,62.15731522,1,FLV,TBF,uM,uM,143
44895,0.3,3.15,63.63957756,1,FLV,TBF,uM,uM,143
44895,0.3,6.3,68.89653089,1,FLV,TBF,uM,uM,143
44895,0.3,8.9,42.36364922,1,FLV,TBF,uM,uM,143
44895,0.3,12.5,40.67312451,1,FLV,TBF,uM,uM,143
44895,0.3,17.8,18.28723493,1,FLV,TBF,uM,uM,143
44895,0.3,25,10.86178193,1,FLV,TBF,uM,uM,143
44895,0.3,50,2.203981411,1,FLV,TBF,uM,uM,143
44895,0.17,0,74.49338896,1,FLV,TBF,uM,uM,143
44895,0.17,0.83,65.6185842,1,FLV,TBF,uM,uM,143
44895,0.17,1.6,68.13135955,1,FLV,TBF,uM,uM,143
44895,0.17,3.15,72.38145437,1,FLV,TBF,uM,uM,143
44895,0.17,6.3,70.21963965,1,FLV,TBF,uM,uM,143
44895,0.17,8.9,60.14462664,1,FLV,TBF,uM,uM,143
44895,0.17,12.5,44.74375374,1,FLV,TBF,uM,uM,143
44895,0.17,17.8,29.1258766,1,FLV,TBF,uM,uM,143
44895,0.17,25,13.52111228,1,FLV,TBF,uM,uM,143
44895,0.17,50,3.492379783,1,FLV,TBF,uM,uM,143
44895,0.1,0,73.20653327,1,FLV,TBF,uM,uM,143
44895,0.1,0.83,65.49774061,1,FLV,TBF,uM,uM,143
44895,0.1,1.6,62.23624922,1,FLV,TBF,uM,uM,143
44895,0.1,3.15,63.46011197,1,FLV,TBF,uM,uM,143
44895,0.1,6.3,73.37494295,1,FLV,TBF,uM,uM,143
44895,0.1,8.9,54.52719945,1,FLV,TBF,uM,uM,143
44895,0.1,12.5,47.27041325,1,FLV,TBF,uM,uM,143
44895,0.1,17.8,26.86841547,1,FLV,TBF,uM,uM,143
44895,0.1,25,13.2539708,1,FLV,TBF,uM,uM,143
44895,0.1,50,1.441124103,1,FLV,TBF,uM,uM,143
44895,0,0,100,1,FLV,TBF,uM,uM,143
44895,0,0.83,90.37069414,1,FLV,TBF,uM,uM,143
44895,0,1.6,92.67726405,1,FLV,TBF,uM,uM,143
44895,0,3.15,97.49918045,1,FLV,TBF,uM,uM,143
44895,0,6.3,98.64642322,1,FLV,TBF,uM,uM,143
44895,0,8.9,83.50832085,1,FLV,TBF,uM,uM,143
44895,0,12.5,85.59762941,1,FLV,TBF,uM,uM,143
44895,0,17.8,50.52136296,1,FLV,TBF,uM,uM,143
44895,0,25,4.907535369,1,FLV,TBF,uM,uM,143
44895,0,50,0.635328752,1,FLV,TBF,uM,uM,143
44900,25,0,51.65289332,4,FLV,TBF,uM,uM,95
44900,25,0.83,63.32867364,4,FLV,TBF,uM,uM,95
44900,25,1.6,59.659212170000004,4,FLV,TBF,uM,uM,95
44900,25,3.15,55.94110669,4,FLV,TBF,uM,uM,95
44900,25,6.3,53.82193006,4,FLV,TBF,uM,uM,95
44900,25,8.9,48.01809071,4,FLV,TBF,uM,uM,95
44900,25,12.5,33.52533532,4,FLV,TBF,uM,uM,95
44900,25,17.8,24.10067852,4,FLV,TBF,uM,uM,95
44900,25,25,12.24917168,4,FLV,TBF,uM,uM,95
44900,25,50,1.173658535,4,FLV,TBF,uM,uM,95
44900,14.4,0,70.35822063,4,FLV,TBF,uM,uM,95
44900,14.4,0.83,68.16984788,4,FLV,TBF,uM,uM,95
44900,14.4,1.6,71.05723516,4,FLV,TBF,uM,uM,95
44900,14.4,3.15,71.12643127,4,FLV,TBF,uM,uM,95
44900,14.4,6.3,63.3668592,4,FLV,TBF,uM,uM,95
44900,14.4,8.9,52.49990727,4,FLV,TBF,uM,uM,95
44900,14.4,12.5,50.2312719,4,FLV,TBF,uM,uM,95
44900,14.4,17.8,23.60377988,4,FLV,TBF,uM,uM,95
44900,14.4,25,13.40969633,4,FLV,TBF,uM,uM,95
44900,14.4,50,1.899305667,4,FLV,TBF,uM,uM,95
44900,8.3,0,70.60472419,4,FLV,TBF,uM,uM,95
44900,8.3,0.83,70.07268024,4,FLV,TBF,uM,uM,95
44900,8.3,1.6,75.84721157,4,FLV,TBF,uM,uM,95
44900,8.3,3.15,67.2086421,4,FLV,TBF,uM,uM,95
44900,8.3,6.3,64.83931361,4,FLV,TBF,uM,uM,95
44900,8.3,8.9,65.3477652,4,FLV,TBF,uM,uM,95
44900,8.3,12.5,44.47850877,4,FLV,TBF,uM,uM,95
44900,8.3,17.8,24.50685607,4,FLV,TBF,uM,uM,95
44900,8.3,25,12.98758787,4,FLV,TBF,uM,uM,95
44900,8.3,50,1.847864619,4,FLV,TBF,uM,uM,95
44900,4.8,0,70.99083608,4,FLV,TBF,uM,uM,95
44900,4.8,0.83,77.81887522,4,FLV,TBF,uM,uM,95
44900,4.8,1.6,83.19513365,4,FLV,TBF,uM,uM,95
44900,4.8,3.15,83.76341739,4,FLV,TBF,uM,uM,95
44900,4.8,6.3,88.13116373,4,FLV,TBF,uM,uM,95
44900,4.8,8.9,70.42960572,4,FLV,TBF,uM,uM,95
44900,4.8,12.5,58.0528651,4,FLV,TBF,uM,uM,95
44900,4.8,17.8,35.75809573,4,FLV,TBF,uM,uM,95
44900,4.8,25,23.36007336,4,FLV,TBF,uM,uM,95
44900,4.8,50,6.047059439,4,FLV,TBF,uM,uM,95
44900,2.7,0,80.68023794,4,FLV,TBF,uM,uM,95
44900,2.7,0.83,82.09808945,4,FLV,TBF,uM,uM,95
44900,2.7,1.6,83.9415761,4,FLV,TBF,uM,uM,95
44900,2.7,3.15,92.2002358,4,FLV,TBF,uM,uM,95
44900,2.7,6.3,85.00493433,4,FLV,TBF,uM,uM,95
44900,2.7,8.9,77.93027002,4,FLV,TBF,uM,uM,95
44900,2.7,12.5,65.78592619,4,FLV,TBF,uM,uM,95
44900,2.7,17.8,42.38851855,4,FLV,TBF,uM,uM,95
44900,2.7,25,21.38561268,4,FLV,TBF,uM,uM,95
44900,2.7,50,10.49190655,4,FLV,TBF,uM,uM,95
44900,1.6,0,90.71744454,4,FLV,TBF,uM,uM,95
44900,1.6,0.83,88.99228445,4,FLV,TBF,uM,uM,95
44900,1.6,1.6,89.14636438,4,FLV,TBF,uM,uM,95
44900,1.6,3.15,90.30992928,4,FLV,TBF,uM,uM,95
44900,1.6,6.3,98.82579422,4,FLV,TBF,uM,uM,95
44900,1.6,8.9,80.29339639,4,FLV,TBF,uM,uM,95
44900,1.6,12.5,70.2283411,4,FLV,TBF,uM,uM,95
44900,1.6,17.8,46.81123263,4,FLV,TBF,uM,uM,95
44900,1.6,25,29.99888727,4,FLV,TBF,uM,uM,95
44900,1.6,50,5.233974684,4,FLV,TBF,uM,uM,95
44900,0.9,0,86.91749549,4,FLV,TBF,uM,uM,95
44900,0.9,0.83,84.10100687,4,FLV,TBF,uM,uM,95
44900,0.9,1.6,96.40174121,4,FLV,TBF,uM,uM,95
44900,0.9,3.15,94.90192454,4,FLV,TBF,uM,uM,95
44900,0.9,6.3,100.687644,4,FLV,TBF,uM,uM,95
44900,0.9,8.9,92.70090435,4,FLV,TBF,uM,uM,95
44900,0.9,12.5,82.62928212,4,FLV,TBF,uM,uM,95
44900,0.9,17.8,54.39678074,4,FLV,TBF,uM,uM,95
44900,0.9,25,35.21863358,4,FLV,TBF,uM,uM,95
44900,0.9,50,14.74436657,4,FLV,TBF,uM,uM,95
44900,0.5,0,88.64107464,4,FLV,TBF,uM,uM,95
44900,0.5,0.83,93.44661714,4,FLV,TBF,uM,uM,95
44900,0.5,1.6,91.36222099,4,FLV,TBF,uM,uM,95
44900,0.5,3.15,100.9335395,4,FLV,TBF,uM,uM,95
44900,0.5,6.3,94.71963108,4,FLV,TBF,uM,uM,95
44900,0.5,8.9,96.39699842,4,FLV,TBF,uM,uM,95
44900,0.5,12.5,82.28074773,4,FLV,TBF,uM,uM,95
44900,0.5,17.8,63.54404503,4,FLV,TBF,uM,uM,95
44900,0.5,25,43.38863955,4,FLV,TBF,uM,uM,95
44900,0.5,50,16.43486779,4,FLV,TBF,uM,uM,95
44900,0.3,0,87.84951487,4,FLV,TBF,uM,uM,95
44900,0.3,0.83,88.96528702,4,FLV,TBF,uM,uM,95
44900,0.3,1.6,92.74699456,4,FLV,TBF,uM,uM,95
44900,0.3,3.15,94.60179095,4,FLV,TBF,uM,uM,95
44900,0.3,6.3,97.05162529,4,FLV,TBF,uM,uM,95
44900,0.3,8.9,95.73057538,4,FLV,TBF,uM,uM,95
44900,0.3,12.5,87.20680578,4,FLV,TBF,uM,uM,95
44900,0.3,17.8,60.43301688,4,FLV,TBF,uM,uM,95
44900,0.3,25,44.42548679,4,FLV,TBF,uM,uM,95
44900,0.3,50,18.66738498,4,FLV,TBF,uM,uM,95
44900,0.17,0,90.38800293,4,FLV,TBF,uM,uM,95
44900,0.17,0.83,89.56567581,4,FLV,TBF,uM,uM,95
44900,0.17,1.6,96.51228474,4,FLV,TBF,uM,uM,95
44900,0.17,3.15,92.98826889,4,FLV,TBF,uM,uM,95
44900,0.17,6.3,97.68241659,4,FLV,TBF,uM,uM,95
44900,0.17,8.9,92.18722353,4,FLV,TBF,uM,uM,95
44900,0.17,12.5,83.87116389,4,FLV,TBF,uM,uM,95
44900,0.17,17.8,65.35725079,4,FLV,TBF,uM,uM,95
44900,0.17,25,43.43691874,4,FLV,TBF,uM,uM,95
44900,0.17,50,22.78716844,4,FLV,TBF,uM,uM,95
44900,0.1,0,89.10963814,4,FLV,TBF,uM,uM,95
44900,0.1,0.83,89.5716347,4,FLV,TBF,uM,uM,95
44900,0.1,1.6,95.22735302,4,FLV,TBF,uM,uM,95
44900,0.1,3.15,94.8626445,4,FLV,TBF,uM,uM,95
44900,0.1,6.3,96.35929931,4,FLV,TBF,uM,uM,95
44900,0.1,8.9,90.82993383,4,FLV,TBF,uM,uM,95
44900,0.1,12.5,89.08324876,4,FLV,TBF,uM,uM,95
44900,0.1,17.8,70.46280526,4,FLV,TBF,uM,uM,95
44900,0.1,25,52.2193529,4,FLV,TBF,uM,uM,95
44900,0.1,50,15.91899798,4,FLV,TBF,uM,uM,95
44900,0,0,100,4,FLV,TBF,uM,uM,95
44900,0,0.83,109.2663813,4,FLV,TBF,uM,uM,95
44900,0,1.6,124.6322968,4,FLV,TBF,uM,uM,95
44900,0,3.15,108.3448204,4,FLV,TBF,uM,uM,95
44900,0,6.3,109.458282,4,FLV,TBF,uM,uM,95
44900,0,8.9,103.634377,4,FLV,TBF,uM,uM,95
44900,0,12.5,91.95750215,4,FLV,TBF,uM,uM,95
44900,0,17.8,67.90656214,4,FLV,TBF,uM,uM,95
44900,0,25,49.35203128,4,FLV,TBF,uM,uM,95
44900,0,50,5.71919876,4,FLV,TBF,uM,uM,95
44900,25,0,7.327240233,1,FLV,TBF,uM,uM,132
44900,25,0.83,6.605195157,1,FLV,TBF,uM,uM,132
44900,25,1.6,7.308476791,1,FLV,TBF,uM,uM,132
44900,25,3.15,6.591180487,1,FLV,TBF,uM,uM,132
44900,25,6.3,5.124041414,1,FLV,TBF,uM,uM,132
44900,25,8.9,3.694313403,1,FLV,TBF,uM,uM,132
44900,25,12.5,1.477679032,1,FLV,TBF,uM,uM,132
44900,25,17.8,0.545066431,1,FLV,TBF,uM,uM,132
44900,25,25,0.468970246,1,FLV,TBF,uM,uM,132
44900,25,50,0.278208578,1,FLV,TBF,uM,uM,132
44900,14.4,0,13.75730992,1,FLV,TBF,uM,uM,132
44900,14.4,0.83,12.54301403,1,FLV,TBF,uM,uM,132
44900,14.4,1.6,12.79678381,1,FLV,TBF,uM,uM,132
44900,14.4,3.15,12.42962261,1,FLV,TBF,uM,uM,132
44900,14.4,6.3,10.1331857,1,FLV,TBF,uM,uM,132
44900,14.4,8.9,8.222789244,1,FLV,TBF,uM,uM,132
44900,14.4,12.5,4.144404382,1,FLV,TBF,uM,uM,132
44900,14.4,17.8,0.955082403,1,FLV,TBF,uM,uM,132
44900,14.4,25,0.477425378,1,FLV,TBF,uM,uM,132
44900,14.4,50,0.35859024,1,FLV,TBF,uM,uM,132
44900,8.3,0,15.73650567,1,FLV,TBF,uM,uM,132
44900,8.3,0.83,13.79437352,1,FLV,TBF,uM,uM,132
44900,8.3,1.6,15.88823474,1,FLV,TBF,uM,uM,132
44900,8.3,3.15,14.50889005,1,FLV,TBF,uM,uM,132
44900,8.3,6.3,15.74218103,1,FLV,TBF,uM,uM,132
44900,8.3,8.9,10.22827697,1,FLV,TBF,uM,uM,132
44900,8.3,12.5,7.923384925,1,FLV,TBF,uM,uM,132
44900,8.3,17.8,1.684656021,1,FLV,TBF,uM,uM,132
44900,8.3,25,0.733511625,1,FLV,TBF,uM,uM,132
44900,8.3,50,0.369825141,1,FLV,TBF,uM,uM,132
44900,4.8,0,19.1472826,1,FLV,TBF,uM,uM,132
44900,4.8,0.83,20.68785391,1,FLV,TBF,uM,uM,132
44900,4.8,1.6,20.82429426,1,FLV,TBF,uM,uM,132
44900,4.8,3.15,21.33484522,1,FLV,TBF,uM,uM,132
44900,4.8,6.3,22.02029,1,FLV,TBF,uM,uM,132
44900,4.8,8.9,19.36097737,1,FLV,TBF,uM,uM,132
44900,4.8,12.5,11.96887585,1,FLV,TBF,uM,uM,132
44900,4.8,17.8,6.385014264,1,FLV,TBF,uM,uM,132
44900,4.8,25,1.129860398,1,FLV,TBF,uM,uM,132
44900,4.8,50,0.454723928,1,FLV,TBF,uM,uM,132
44900,2.7,0,23.26701653,1,FLV,TBF,uM,uM,132
44900,2.7,0.83,24.06886415,1,FLV,TBF,uM,uM,132
44900,2.7,1.6,24.23090154,1,FLV,TBF,uM,uM,132
44900,2.7,3.15,24.85333821,1,FLV,TBF,uM,uM,132
44900,2.7,6.3,23.96080062,1,FLV,TBF,uM,uM,132
44900,2.7,8.9,23.60638003,1,FLV,TBF,uM,uM,132
44900,2.7,12.5,17.82237506,1,FLV,TBF,uM,uM,132
44900,2.7,17.8,9.94682533,1,FLV,TBF,uM,uM,132
44900,2.7,25,3.286034786,1,FLV,TBF,uM,uM,132
44900,2.7,50,0.501864183,1,FLV,TBF,uM,uM,132
44900,1.6,0,28.26006132,1,FLV,TBF,uM,uM,132
44900,1.6,0.83,26.74983582,1,FLV,TBF,uM,uM,132
44900,1.6,1.6,26.67733017,1,FLV,TBF,uM,uM,132
44900,1.6,3.15,31.6388709,1,FLV,TBF,uM,uM,132
44900,1.6,6.3,25.77946469,1,FLV,TBF,uM,uM,132
44900,1.6,8.9,27.6505969,1,FLV,TBF,uM,uM,132
44900,1.6,12.5,22.34112171,1,FLV,TBF,uM,uM,132
44900,1.6,17.8,10.80600569,1,FLV,TBF,uM,uM,132
44900,1.6,25,5.314571435,1,FLV,TBF,uM,uM,132
44900,1.6,50,0.631702574,1,FLV,TBF,uM,uM,132
44900,0.9,0,28.82551272,1,FLV,TBF,uM,uM,132
44900,0.9,0.83,31.95854437,1,FLV,TBF,uM,uM,132
44900,0.9,1.6,29.76750704,1,FLV,TBF,uM,uM,132
44900,0.9,3.15,32.86799223,1,FLV,TBF,uM,uM,132
44900,0.9,6.3,30.46638738,1,FLV,TBF,uM,uM,132
44900,0.9,8.9,30.24887043,1,FLV,TBF,uM,uM,132
44900,0.9,12.5,24.48617702,1,FLV,TBF,uM,uM,132
44900,0.9,17.8,19.12330709,1,FLV,TBF,uM,uM,132
44900,0.9,25,7.041503114,1,FLV,TBF,uM,uM,132
44900,0.9,50,0.901108549,1,FLV,TBF,uM,uM,132
44900,0.5,0,36.69978839,1,FLV,TBF,uM,uM,132
44900,0.5,0.83,36.72017336,1,FLV,TBF,uM,uM,132
44900,0.5,1.6,36.78364476,1,FLV,TBF,uM,uM,132
44900,0.5,3.15,37.9644676,1,FLV,TBF,uM,uM,132
44900,0.5,6.3,34.99509487,1,FLV,TBF,uM,uM,132
44900,0.5,8.9,34.06074491,1,FLV,TBF,uM,uM,132
44900,0.5,12.5,28.78937572,1,FLV,TBF,uM,uM,132
44900,0.5,17.8,19.8630732,1,FLV,TBF,uM,uM,132
44900,0.5,25,9.093899449,1,FLV,TBF,uM,uM,132
44900,0.5,50,1.621532093,1,FLV,TBF,uM,uM,132
44900,0.3,0,41.09159224,1,FLV,TBF,uM,uM,132
44900,0.3,0.83,43.13472268,1,FLV,TBF,uM,uM,132
44900,0.3,1.6,42.4810136,1,FLV,TBF,uM,uM,132
44900,0.3,3.15,41.04144057,1,FLV,TBF,uM,uM,132
44900,0.3,6.3,39.55970771,1,FLV,TBF,uM,uM,132
44900,0.3,8.9,35.98666174,1,FLV,TBF,uM,uM,132
44900,0.3,12.5,34.17239898,1,FLV,TBF,uM,uM,132
44900,0.3,17.8,21.69505699,1,FLV,TBF,uM,uM,132
44900,0.3,25,15.39818458,1,FLV,TBF,uM,uM,132
44900,0.3,50,0.711852589,1,FLV,TBF,uM,uM,132
44900,0.17,0,47.09960029,1,FLV,TBF,uM,uM,132
44900,0.17,0.83,53.98010843,1,FLV,TBF,uM,uM,132
44900,0.17,1.6,50.37787489,1,FLV,TBF,uM,uM,132
44900,0.17,3.15,47.88963389,1,FLV,TBF,uM,uM,132
44900,0.17,6.3,46.80297574,1,FLV,TBF,uM,uM,132
44900,0.17,8.9,41.77472055,1,FLV,TBF,uM,uM,132
44900,0.17,12.5,35.97589013,1,FLV,TBF,uM,uM,132
44900,0.17,17.8,25.35323339,1,FLV,TBF,uM,uM,132
44900,0.17,25,14.83389141,1,FLV,TBF,uM,uM,132
44900,0.17,50,4.011322927,1,FLV,TBF,uM,uM,132
44900,0.1,0,56.30735446,1,FLV,TBF,uM,uM,132
44900,0.1,0.83,56.97090856,1,FLV,TBF,uM,uM,132
44900,0.1,1.6,63.49410052,1,FLV,TBF,uM,uM,132
44900,0.1,3.15,53.35072233,1,FLV,TBF,uM,uM,132
44900,0.1,6.3,51.26751689,1,FLV,TBF,uM,uM,132
44900,0.1,8.9,45.38251363,1,FLV,TBF,uM,uM,132
44900,0.1,12.5,38.61006902,1,FLV,TBF,uM,uM,132
44900,0.1,17.8,27.59384327,1,FLV,TBF,uM,uM,132
44900,0.1,25,16.46434193,1,FLV,TBF,uM,uM,132
44900,0.1,50,4.860194978,1,FLV,TBF,uM,uM,132
44900,0,0,100,1,FLV,TBF,uM,uM,132
44900,0,0.83,80.06407368,1,FLV,TBF,uM,uM,132
44900,0,1.6,80.35444375,1,FLV,TBF,uM,uM,132
44900,0,3.15,72.51676838,1,FLV,TBF,uM,uM,132
44900,0,6.3,74.14513407,1,FLV,TBF,uM,uM,132
44900,0,8.9,55.70680847,1,FLV,TBF,uM,uM,132
44900,0,12.5,62.68043888,1,FLV,TBF,uM,uM,132
44900,0,17.8,33.01219276,1,FLV,TBF,uM,uM,132
44900,0,25,24.21862422,1,FLV,TBF,uM,uM,132
44900,0,50,4.49546608,1,FLV,TBF,uM,uM,132
44901,25,0,4.316592539,2,FLV,TBF,uM,uM,132
44901,25,0.83,4.438172907,2,FLV,TBF,uM,uM,132
44901,25,1.6,5.18370921,2,FLV,TBF,uM,uM,132
44901,25,3.15,4.517268671,2,FLV,TBF,uM,uM,132
44901,25,6.3,4.0043209,2,FLV,TBF,uM,uM,132
44901,25,8.9,2.376984308,2,FLV,TBF,uM,uM,132
44901,25,12.5,1.217957283,2,FLV,TBF,uM,uM,132
44901,25,17.8,0.54486017,2,FLV,TBF,uM,uM,132
44901,25,25,0.58166711,2,FLV,TBF,uM,uM,132
44901,25,50,0.477511303,2,FLV,TBF,uM,uM,132
44901,14.4,0,12.93352774,2,FLV,TBF,uM,uM,132
44901,14.4,0.83,12.90807614,2,FLV,TBF,uM,uM,132
44901,14.4,1.6,13.42043656,2,FLV,TBF,uM,uM,132
44901,14.4,3.15,14.281484,2,FLV,TBF,uM,uM,132
44901,14.4,6.3,9.365604013,2,FLV,TBF,uM,uM,132
44901,14.4,8.9,5.181947175,2,FLV,TBF,uM,uM,132
44901,14.4,12.5,3.097656348,2,FLV,TBF,uM,uM,132
44901,14.4,17.8,1.444868148,2,FLV,TBF,uM,uM,132
44901,14.4,25,0.7476899,2,FLV,TBF,uM,uM,132
44901,14.4,50,0.519995908,2,FLV,TBF,uM,uM,132
44901,8.3,0,18.23196497,2,FLV,TBF,uM,uM,132
44901,8.3,0.83,16.86971665,2,FLV,TBF,uM,uM,132
44901,8.3,1.6,19.36554038,2,FLV,TBF,uM,uM,132
44901,8.3,3.15,18.62822691,2,FLV,TBF,uM,uM,132
44901,8.3,6.3,17.53106687,2,FLV,TBF,uM,uM,132
44901,8.3,8.9,12.06621529,2,FLV,TBF,uM,uM,132
44901,8.3,12.5,7.620602684,2,FLV,TBF,uM,uM,132
44901,8.3,17.8,2.698849245,2,FLV,TBF,uM,uM,132
44901,8.3,25,1.206797733,2,FLV,TBF,uM,uM,132
44901,8.3,50,0.683865101,2,FLV,TBF,uM,uM,132
44901,4.8,0,22.58007834,2,FLV,TBF,uM,uM,132
44901,4.8,0.83,23.99460034,2,FLV,TBF,uM,uM,132
44901,4.8,1.6,24.8160999,2,FLV,TBF,uM,uM,132
44901,4.8,3.15,23.87008325,2,FLV,TBF,uM,uM,132
44901,4.8,6.3,25.23311469,2,FLV,TBF,uM,uM,132
44901,4.8,8.9,22.34788137,2,FLV,TBF,uM,uM,132
44901,4.8,12.5,15.03230641,2,FLV,TBF,uM,uM,132
44901,4.8,17.8,6.080193119,2,FLV,TBF,uM,uM,132
44901,4.8,25,2.091534747,2,FLV,TBF,uM,uM,132
44901,4.8,50,0.636094392,2,FLV,TBF,uM,uM,132
44901,2.7,0,25.84551951,2,FLV,TBF,uM,uM,132
44901,2.7,0.83,28.35524374,2,FLV,TBF,uM,uM,132
44901,2.7,1.6,33.19085328,2,FLV,TBF,uM,uM,132
44901,2.7,3.15,30.77862829,2,FLV,TBF,uM,uM,132
44901,2.7,6.3,28.1727753,2,FLV,TBF,uM,uM,132
44901,2.7,8.9,31.03059919,2,FLV,TBF,uM,uM,132
44901,2.7,12.5,21.27773919,2,FLV,TBF,uM,uM,132
44901,2.7,17.8,11.49844868,2,FLV,TBF,uM,uM,132
44901,2.7,25,4.647463429,2,FLV,TBF,uM,uM,132
44901,2.7,50,0.85967697,2,FLV,TBF,uM,uM,132
44901,1.6,0,32.99644216,2,FLV,TBF,uM,uM,132
44901,1.6,0.83,33.07867043,2,FLV,TBF,uM,uM,132
44901,1.6,1.6,36.25953395,2,FLV,TBF,uM,uM,132
44901,1.6,3.15,33.00995109,2,FLV,TBF,uM,uM,132
44901,1.6,6.3,36.0101082,2,FLV,TBF,uM,uM,132
44901,1.6,8.9,33.66581942,2,FLV,TBF,uM,uM,132
44901,1.6,12.5,27.50183178,2,FLV,TBF,uM,uM,132
44901,1.6,17.8,13.84978559,2,FLV,TBF,uM,uM,132
44901,1.6,25,9.206042016,2,FLV,TBF,uM,uM,132
44901,1.6,50,0.951498537,2,FLV,TBF,uM,uM,132
44901,0.9,0,34.10417441,2,FLV,TBF,uM,uM,132
44901,0.9,0.83,33.73258094,2,FLV,TBF,uM,uM,132
44901,0.9,1.6,38.8307336,2,FLV,TBF,uM,uM,132
44901,0.9,3.15,38.77454428,2,FLV,TBF,uM,uM,132
44901,0.9,6.3,35.87893454,2,FLV,TBF,uM,uM,132
44901,0.9,8.9,37.96302958,2,FLV,TBF,uM,uM,132
44901,0.9,12.5,33.73336407,2,FLV,TBF,uM,uM,132
44901,0.9,17.8,22.23237023,2,FLV,TBF,uM,uM,132
44901,0.9,25,11.3960549,2,FLV,TBF,uM,uM,132
44901,0.9,50,2.023794316,2,FLV,TBF,uM,uM,132
44901,0.5,0,43.19764201,2,FLV,TBF,uM,uM,132
44901,0.5,0.83,46.61559704,2,FLV,TBF,uM,uM,132
44901,0.5,1.6,41.90470037,2,FLV,TBF,uM,uM,132
44901,0.5,3.15,49.09771606,2,FLV,TBF,uM,uM,132
44901,0.5,6.3,42.47109652,2,FLV,TBF,uM,uM,132
44901,0.5,8.9,44.82928579,2,FLV,TBF,uM,uM,132
44901,0.5,12.5,37.72260979,2,FLV,TBF,uM,uM,132
44901,0.5,17.8,27.02353735,2,FLV,TBF,uM,uM,132
44901,0.5,25,13.71313004,2,FLV,TBF,uM,uM,132
44901,0.5,50,3.121737483,2,FLV,TBF,uM,uM,132
44901,0.3,0,44.61138088,2,FLV,TBF,uM,uM,132
44901,0.3,0.83,49.95798038,2,FLV,TBF,uM,uM,132
44901,0.3,1.6,50.12537364,2,FLV,TBF,uM,uM,132
44901,0.3,3.15,51.18846768,2,FLV,TBF,uM,uM,132
44901,0.3,6.3,48.49725392,2,FLV,TBF,uM,uM,132
44901,0.3,8.9,43.83608578,2,FLV,TBF,uM,uM,132
44901,0.3,12.5,40.08354001,2,FLV,TBF,uM,uM,132
44901,0.3,17.8,26.1806976,2,FLV,TBF,uM,uM,132
44901,0.3,25,19.19246946,2,FLV,TBF,uM,uM,132
44901,0.3,50,2.963350175,2,FLV,TBF,uM,uM,132
44901,0.17,0,50.63616781,2,FLV,TBF,uM,uM,132
44901,0.17,0.83,61.21189784,2,FLV,TBF,uM,uM,132
44901,0.17,1.6,54.81316807,2,FLV,TBF,uM,uM,132
44901,0.17,3.15,61.1964311,2,FLV,TBF,uM,uM,132
44901,0.17,6.3,56.09083874,2,FLV,TBF,uM,uM,132
44901,0.17,8.9,56.05559806,2,FLV,TBF,uM,uM,132
44901,0.17,12.5,46.60815734,2,FLV,TBF,uM,uM,132
44901,0.17,17.8,35.53905769,2,FLV,TBF,uM,uM,132
44901,0.17,25,22.64312001,2,FLV,TBF,uM,uM,132
44901,0.17,50,7.041872299,2,FLV,TBF,uM,uM,132
44901,0.1,0,57.59796544,2,FLV,TBF,uM,uM,132
44901,0.1,0.83,67.6724946,2,FLV,TBF,uM,uM,132
44901,0.1,1.6,61.89752498,2,FLV,TBF,uM,uM,132
44901,0.1,3.15,65.09679197,2,FLV,TBF,uM,uM,132
44901,0.1,6.3,61.98640982,2,FLV,TBF,uM,uM,132
44901,0.1,8.9,59.00465618,2,FLV,TBF,uM,uM,132
44901,0.1,12.5,52.75354573,2,FLV,TBF,uM,uM,132
44901,0.1,17.8,37.64116465,2,FLV,TBF,uM,uM,132
44901,0.1,25,21.82318671,2,FLV,TBF,uM,uM,132
44901,0.1,50,7.539744887,2,FLV,TBF,uM,uM,132
44901,0,0,100,2,FLV,TBF,uM,uM,132
44901,0,0.83,92.92655792,2,FLV,TBF,uM,uM,132
44901,0,1.6,107.0202874,2,FLV,TBF,uM,uM,132
44901,0,3.15,86.55347554,2,FLV,TBF,uM,uM,132
44901,0,6.3,82.35591821,2,FLV,TBF,uM,uM,132
44901,0,8.9,71.81366683,2,FLV,TBF,uM,uM,132
44901,0,12.5,73.25520669,2,FLV,TBF,uM,uM,132
44901,0,17.8,46.73972257,2,FLV,TBF,uM,uM,132
44901,0,25,26.84165625,2,FLV,TBF,uM,uM,132
44901,0,50,1.962710459,2,FLV,TBF,uM,uM,132
44901,25,0,20.36412971,3,FLV,TBF,uM,uM,58
44901,25,0.83,22.7184846,3,FLV,TBF,uM,uM,58
44901,25,1.6,20.71559578,3,FLV,TBF,uM,uM,58
44901,25,3.15,18.84240402,3,FLV,TBF,uM,uM,58
44901,25,6.3,14.64262825,3,FLV,TBF,uM,uM,58
44901,25,8.9,9.570010219,3,FLV,TBF,uM,uM,58
44901,25,12.5,4.680043065,3,FLV,TBF,uM,uM,58
44901,25,17.8,1.722293274,3,FLV,TBF,uM,uM,58
44901,25,25,0.712885883,3,FLV,TBF,uM,uM,58
44901,25,50,0.428109771,3,FLV,TBF,uM,uM,58
44901,14.4,0,26.09458952,3,FLV,TBF,uM,uM,58
44901,14.4,0.83,26.15371465,3,FLV,TBF,uM,uM,58
44901,14.4,1.6,25.99813791,3,FLV,TBF,uM,uM,58
44901,14.4,3.15,22.30699756,3,FLV,TBF,uM,uM,58
44901,14.4,6.3,18.68503561,3,FLV,TBF,uM,uM,58
44901,14.4,8.9,13.16758554,3,FLV,TBF,uM,uM,58
44901,14.4,12.5,6.413285438,3,FLV,TBF,uM,uM,58
44901,14.4,17.8,2.595135539,3,FLV,TBF,uM,uM,58
44901,14.4,25,1.050416744,3,FLV,TBF,uM,uM,58
44901,14.4,50,0.439755631,3,FLV,TBF,uM,uM,58
44901,8.3,0,34.89676928,3,FLV,TBF,uM,uM,58
44901,8.3,0.83,29.99704748,3,FLV,TBF,uM,uM,58
44901,8.3,1.6,34.18925841,3,FLV,TBF,uM,uM,58
44901,8.3,3.15,28.13410805,3,FLV,TBF,uM,uM,58
44901,8.3,6.3,29.69345882,3,FLV,TBF,uM,uM,58
44901,8.3,8.9,19.32247224,3,FLV,TBF,uM,uM,58
44901,8.3,12.5,13.15006698,3,FLV,TBF,uM,uM,58
44901,8.3,17.8,3.583241956,3,FLV,TBF,uM,uM,58
44901,8.3,25,1.732247,3,FLV,TBF,uM,uM,58
44901,8.3,50,0.479869148,3,FLV,TBF,uM,uM,58
44901,4.8,0,34.81584549,3,FLV,TBF,uM,uM,58
44901,4.8,0.83,40.71561818,3,FLV,TBF,uM,uM,58
44901,4.8,1.6,44.13631578,3,FLV,TBF,uM,uM,58
44901,4.8,3.15,36.82928526,3,FLV,TBF,uM,uM,58
44901,4.8,6.3,37.61363889,3,FLV,TBF,uM,uM,58
44901,4.8,8.9,25.96539015,3,FLV,TBF,uM,uM,58
44901,4.8,12.5,18.79223724,3,FLV,TBF,uM,uM,58
44901,4.8,17.8,6.345301487,3,FLV,TBF,uM,uM,58
44901,4.8,25,1.89668256,3,FLV,TBF,uM,uM,58
44901,4.8,50,0.594237464,3,FLV,TBF,uM,uM,58
44901,2.7,0,54.45544345,3,FLV,TBF,uM,uM,58
44901,2.7,0.83,52.27199403,3,FLV,TBF,uM,uM,58
44901,2.7,1.6,56.85628225,3,FLV,TBF,uM,uM,58
44901,2.7,3.15,50.67412234,3,FLV,TBF,uM,uM,58
44901,2.7,6.3,47.90181047,3,FLV,TBF,uM,uM,58
44901,2.7,8.9,40.43930274,3,FLV,TBF,uM,uM,58
44901,2.7,12.5,25.7953805,3,FLV,TBF,uM,uM,58
44901,2.7,17.8,8.993291313,3,FLV,TBF,uM,uM,58
44901,2.7,25,2.29682236,3,FLV,TBF,uM,uM,58
44901,2.7,50,0.677450617,3,FLV,TBF,uM,uM,58
44901,1.6,0,59.76505971,3,FLV,TBF,uM,uM,58
44901,1.6,0.83,64.95901367,3,FLV,TBF,uM,uM,58
44901,1.6,1.6,71.19850704,3,FLV,TBF,uM,uM,58
44901,1.6,3.15,63.71539509,3,FLV,TBF,uM,uM,58
44901,1.6,6.3,60.85797886,3,FLV,TBF,uM,uM,58
44901,1.6,8.9,47.12452398,3,FLV,TBF,uM,uM,58
44901,1.6,12.5,32.87198226,3,FLV,TBF,uM,uM,58
44901,1.6,17.8,12.36262769,3,FLV,TBF,uM,uM,58
44901,1.6,25,4.930976507,3,FLV,TBF,uM,uM,58
44901,1.6,50,0.761161456,3,FLV,TBF,uM,uM,58
44901,0.9,0,57.09686382,3,FLV,TBF,uM,uM,58
44901,0.9,0.83,63.44276253,3,FLV,TBF,uM,uM,58
44901,0.9,1.6,78.47527824,3,FLV,TBF,uM,uM,58
44901,0.9,3.15,71.35269026,3,FLV,TBF,uM,uM,58
44901,0.9,6.3,71.94543467,3,FLV,TBF,uM,uM,58
44901,0.9,8.9,58.44260762,3,FLV,TBF,uM,uM,58
44901,0.9,12.5,39.1450197,3,FLV,TBF,uM,uM,58
44901,0.9,17.8,16.4268337,3,FLV,TBF,uM,uM,58
44901,0.9,25,6.726330132,3,FLV,TBF,uM,uM,58
44901,0.9,50,1.099190003,3,FLV,TBF,uM,uM,58
44901,0.5,0,69.30082911,3,FLV,TBF,uM,uM,58
44901,0.5,0.83,81.42377107,3,FLV,TBF,uM,uM,58
44901,0.5,1.6,93.78182004,3,FLV,TBF,uM,uM,58
44901,0.5,3.15,88.83203099,3,FLV,TBF,uM,uM,58
44901,0.5,6.3,84.07454794,3,FLV,TBF,uM,uM,58
44901,0.5,8.9,72.41156767,3,FLV,TBF,uM,uM,58
44901,0.5,12.5,49.37804763,3,FLV,TBF,uM,uM,58
44901,0.5,17.8,21.16381208,3,FLV,TBF,uM,uM,58
44901,0.5,25,7.680295267,3,FLV,TBF,uM,uM,58
44901,0.5,50,1.319764579,3,FLV,TBF,uM,uM,58
44901,0.3,0,76.46532227,3,FLV,TBF,uM,uM,58
44901,0.3,0.83,93.85846373,3,FLV,TBF,uM,uM,58
44901,0.3,1.6,104.8985398,3,FLV,TBF,uM,uM,58
44901,0.3,3.15,82.31214114,3,FLV,TBF,uM,uM,58
44901,0.3,6.3,95.78281765,3,FLV,TBF,uM,uM,58
44901,0.3,8.9,85.20130976,3,FLV,TBF,uM,uM,58
44901,0.3,12.5,62.72370533,3,FLV,TBF,uM,uM,58
44901,0.3,17.8,17.60873917,3,FLV,TBF,uM,uM,58
44901,0.3,25,8.523276354,3,FLV,TBF,uM,uM,58
44901,0.3,50,1.077689954,3,FLV,TBF,uM,uM,58
44901,0.17,0,88.57900727,3,FLV,TBF,uM,uM,58
44901,0.17,0.83,103.4235966,3,FLV,TBF,uM,uM,58
44901,0.17,1.6,106.5014879,3,FLV,TBF,uM,uM,58
44901,0.17,3.15,90.5415835,3,FLV,TBF,uM,uM,58
44901,0.17,6.3,111.1291744,3,FLV,TBF,uM,uM,58
44901,0.17,8.9,90.27999957,3,FLV,TBF,uM,uM,58
44901,0.17,12.5,71.93219621,3,FLV,TBF,uM,uM,58
44901,0.17,17.8,31.30815231,3,FLV,TBF,uM,uM,58
44901,0.17,25,11.37233145,3,FLV,TBF,uM,uM,58
44901,0.17,50,2.441350467,3,FLV,TBF,uM,uM,58
44901,0.1,0,89.56820859,3,FLV,TBF,uM,uM,58
44901,0.1,0.83,100.7180743,3,FLV,TBF,uM,uM,58
44901,0.1,1.6,110.524585,3,FLV,TBF,uM,uM,58
44901,0.1,3.15,110.4502307,3,FLV,TBF,uM,uM,58
44901,0.1,6.3,104.3987632,3,FLV,TBF,uM,uM,58
44901,0.1,8.9,104.0114637,3,FLV,TBF,uM,uM,58
44901,0.1,12.5,69.2000974,3,FLV,TBF,uM,uM,58
44901,0.1,17.8,27.1595387,3,FLV,TBF,uM,uM,58
44901,0.1,25,10.01305058,3,FLV,TBF,uM,uM,58
44901,0.1,50,1.413030996,3,FLV,TBF,uM,uM,58
44901,0,0,100,3,FLV,TBF,uM,uM,58
44901,0,0.83,119.1153476,3,FLV,TBF,uM,uM,58
44901,0,1.6,116.1600863,3,FLV,TBF,uM,uM,58
44901,0,3.15,109.3615916,3,FLV,TBF,uM,uM,58
44901,0,6.3,111.0030606,3,FLV,TBF,uM,uM,58
44901,0,8.9,93.48977771,3,FLV,TBF,uM,uM,58
44901,0,12.5,73.12286096,3,FLV,TBF,uM,uM,58
44901,0,17.8,33.59760892,3,FLV,TBF,uM,uM,58
44901,0,25,14.63277406,3,FLV,TBF,uM,uM,58
44901,0,50,0.880805247,3,FLV,TBF,uM,uM,58
44773,25,0,12.14888051,1,FLV,TBF,uM,uM,58
44773,25,0.1,20.23714311,1,FLV,TBF,uM,uM,58
44773,25,0.2,13.91080988,1,FLV,TBF,uM,uM,58
44773,25,0.5,11.97407195,1,FLV,TBF,uM,uM,58
44773,25,1,10.87790018,1,FLV,TBF,uM,uM,58
44773,25,2.2,12.65606447,1,FLV,TBF,uM,uM,58
44773,25,4.9,9.586531812,1,FLV,TBF,uM,uM,58
44773,25,10.6,3.425190682,1,FLV,TBF,uM,uM,58
44773,25,25,1.43169346,1,FLV,TBF,uM,uM,58
44773,25,50,0.407383239,1,FLV,TBF,uM,uM,58
44773,16.7,0,16.63110296,1,FLV,TBF,uM,uM,58
44773,16.7,0.1,17.52628893,1,FLV,TBF,uM,uM,58
44773,16.7,0.2,18.50818699,1,FLV,TBF,uM,uM,58
44773,16.7,0.5,20.29755211,1,FLV,TBF,uM,uM,58
44773,16.7,1,19.76393922,1,FLV,TBF,uM,uM,58
44773,16.7,2.2,16.00536633,1,FLV,TBF,uM,uM,58
44773,16.7,4.9,14.06409773,1,FLV,TBF,uM,uM,58
44773,16.7,10.6,4.140659855,1,FLV,TBF,uM,uM,58
44773,16.7,25,1.227057949,1,FLV,TBF,uM,uM,58
44773,16.7,50,0.49887771400000003,1,FLV,TBF,uM,uM,58
44773,11.1,0,24.76202942,1,FLV,TBF,uM,uM,58
44773,11.1,0.1,19.49209869,1,FLV,TBF,uM,uM,58
44773,11.1,0.2,26.29188751,1,FLV,TBF,uM,uM,58
44773,11.1,0.5,15.59999673,1,FLV,TBF,uM,uM,58
44773,11.1,1,19.65520301,1,FLV,TBF,uM,uM,58
44773,11.1,2.2,15.35823485,1,FLV,TBF,uM,uM,58
44773,11.1,4.9,13.19357877,1,FLV,TBF,uM,uM,58
44773,11.1,10.6,2.827644923,1,FLV,TBF,uM,uM,58
44773,11.1,25,0.861961015,1,FLV,TBF,uM,uM,58
44773,11.1,50,0.578038683,1,FLV,TBF,uM,uM,58
44773,7.5,0,29.96878239,1,FLV,TBF,uM,uM,58
44773,7.5,0.1,31.15556767,1,FLV,TBF,uM,uM,58
44773,7.5,0.2,33.84364261,1,FLV,TBF,uM,uM,58
44773,7.5,0.5,26.3602252,1,FLV,TBF,uM,uM,58
44773,7.5,1,30.35602929,1,FLV,TBF,uM,uM,58
44773,7.5,2.2,28.28991541,1,FLV,TBF,uM,uM,58
44773,7.5,4.9,21.95691202,1,FLV,TBF,uM,uM,58
44773,7.5,10.6,6.252709753,1,FLV,TBF,uM,uM,58
44773,7.5,25,0.808473873,1,FLV,TBF,uM,uM,58
44773,7.5,50,0.448914431,1,FLV,TBF,uM,uM,58
44773,5,0,35.46272985,1,FLV,TBF,uM,uM,58
44773,5,0.1,39.89838702,1,FLV,TBF,uM,uM,58
44773,5,0.2,38.73463267,1,FLV,TBF,uM,uM,58
44773,5,0.5,31.04972605,1,FLV,TBF,uM,uM,58
44773,5,1,38.94329545,1,FLV,TBF,uM,uM,58
44773,5,2.2,36.60055866,1,FLV,TBF,uM,uM,58
44773,5,4.9,31.15695204,1,FLV,TBF,uM,uM,58
44773,5,10.6,10.91213195,1,FLV,TBF,uM,uM,58
44773,5,25,0.797776445,1,FLV,TBF,uM,uM,58
44773,5,50,0.488683694,1,FLV,TBF,uM,uM,58
44773,3.3,0,41.74488899,1,FLV,TBF,uM,uM,58
44773,3.3,0.1,30.73207536,1,FLV,TBF,uM,uM,58
44773,3.3,0.2,41.42195251,1,FLV,TBF,uM,uM,58
44773,3.3,0.5,33.54247854,1,FLV,TBF,uM,uM,58
44773,3.3,1,42.03661415,1,FLV,TBF,uM,uM,58
44773,3.3,2.2,31.80710397,1,FLV,TBF,uM,uM,58
44773,3.3,4.9,28.12957984,1,FLV,TBF,uM,uM,58
44773,3.3,10.6,14.51389313,1,FLV,TBF,uM,uM,58
44773,3.3,25,0.935081083,1,FLV,TBF,uM,uM,58
44773,3.3,50,0.560041833,1,FLV,TBF,uM,uM,58
44773,2.2,0,47.62369216,1,FLV,TBF,uM,uM,58
44773,2.2,0.1,49.42891465,1,FLV,TBF,uM,uM,58
44773,2.2,0.2,45.26660823,1,FLV,TBF,uM,uM,58
44773,2.2,0.5,54.31663255,1,FLV,TBF,uM,uM,58
44773,2.2,1,45.32236071,1,FLV,TBF,uM,uM,58
44773,2.2,2.2,46.57484078,1,FLV,TBF,uM,uM,58
44773,2.2,4.9,37.17368911,1,FLV,TBF,uM,uM,58
44773,2.2,10.6,17.03320041,1,FLV,TBF,uM,uM,58
44773,2.2,25,1.076538841,1,FLV,TBF,uM,uM,58
44773,2.2,50,0.481887681,1,FLV,TBF,uM,uM,58
44773,1.6,0,52.63449342,1,FLV,TBF,uM,uM,58
44773,1.6,0.1,53.07044508,1,FLV,TBF,uM,uM,58
44773,1.6,0.2,52.2194332,1,FLV,TBF,uM,uM,58
44773,1.6,0.5,58.03593958,1,FLV,TBF,uM,uM,58
44773,1.6,1,49.53047729,1,FLV,TBF,uM,uM,58
44773,1.6,2.2,65.33158567,1,FLV,TBF,uM,uM,58
44773,1.6,4.9,42.08859107,1,FLV,TBF,uM,uM,58
44773,1.6,10.6,17.43341008,1,FLV,TBF,uM,uM,58
44773,1.6,25,1.331263486,1,FLV,TBF,uM,uM,58
44773,1.6,50,0.608998299,1,FLV,TBF,uM,uM,58
44773,0.9,0,55.93949535,1,FLV,TBF,uM,uM,58
44773,0.9,0.1,59.8279476,1,FLV,TBF,uM,uM,58
44773,0.9,0.2,60.17970421,1,FLV,TBF,uM,uM,58
44773,0.9,0.5,62.13091513,1,FLV,TBF,uM,uM,58
44773,0.9,1,61.30356344,1,FLV,TBF,uM,uM,58
44773,0.9,2.2,48.11124319,1,FLV,TBF,uM,uM,58
44773,0.9,4.9,44.1096499,1,FLV,TBF,uM,uM,58
44773,0.9,10.6,37.96404028,1,FLV,TBF,uM,uM,58
44773,0.9,25,1.871924096,1,FLV,TBF,uM,uM,58
44773,0.9,50,0.580178169,1,FLV,TBF,uM,uM,58
44773,0,0,100,1,FLV,TBF,uM,uM,58
44773,0,0.1,85.80054834,1,FLV,TBF,uM,uM,58
44773,0,0.2,94.88920925,1,FLV,TBF,uM,uM,58
44773,0,0.5,90.91480002,1,FLV,TBF,uM,uM,58
44773,0,1,99.6296802,1,FLV,TBF,uM,uM,58
44773,0,2.2,91.46250835,1,FLV,TBF,uM,uM,58
44773,0,4.9,85.81577644,1,FLV,TBF,uM,uM,58
44773,0,10.6,35.91189598,1,FLV,TBF,uM,uM,58
44773,0,25,8.171324977,1,FLV,TBF,uM,uM,58
44773,0,50,1.425904263,1,FLV,TBF,uM,uM,58
44875,25,0,43.79262909,3,FLV,TBF,uM,uM,95
44875,25,0.1,45.18283775,3,FLV,TBF,uM,uM,95
44875,25,0.2,41.18637938,3,FLV,TBF,uM,uM,95
44875,25,0.4,59.2059166,3,FLV,TBF,uM,uM,95
44875,25,0.83,44.21300604,3,FLV,TBF,uM,uM,95
44875,25,1.6,54.92646317,3,FLV,TBF,uM,uM,95
44875,25,3.15,47.75922183,3,FLV,TBF,uM,uM,95
44875,25,6.3,45.00327976,3,FLV,TBF,uM,uM,95
44875,25,12.5,22.03304086,3,FLV,TBF,uM,uM,95
44875,25,25,4.265103359,3,FLV,TBF,uM,uM,95
44875,14.4,0,53.98168945,3,FLV,TBF,uM,uM,95
44875,14.4,0.1,53.66678916,3,FLV,TBF,uM,uM,95
44875,14.4,0.2,64.75210981,3,FLV,TBF,uM,uM,95
44875,14.4,0.4,64.00743581,3,FLV,TBF,uM,uM,95
44875,14.4,0.83,68.06734044,3,FLV,TBF,uM,uM,95
44875,14.4,1.6,54.1565855,3,FLV,TBF,uM,uM,95
44875,14.4,3.15,55.09706148,3,FLV,TBF,uM,uM,95
44875,14.4,6.3,45.73731867,3,FLV,TBF,uM,uM,95
44875,14.4,12.5,30.23661956,3,FLV,TBF,uM,uM,95
44875,14.4,25,1.922181094,3,FLV,TBF,uM,uM,95
44875,8.3,0,53.36208689,3,FLV,TBF,uM,uM,95
44875,8.3,0.1,44.89343251,3,FLV,TBF,uM,uM,95
44875,8.3,0.2,75.7697593,3,FLV,TBF,uM,uM,95
44875,8.3,0.4,55.54803249,3,FLV,TBF,uM,uM,95
44875,8.3,0.83,74.33744738,3,FLV,TBF,uM,uM,95
44875,8.3,1.6,54.07485565,3,FLV,TBF,uM,uM,95
44875,8.3,3.15,58.14503114,3,FLV,TBF,uM,uM,95
44875,8.3,6.3,45.97078049,3,FLV,TBF,uM,uM,95
44875,8.3,12.5,37.54961974,3,FLV,TBF,uM,uM,95
44875,8.3,25,4.818273104,3,FLV,TBF,uM,uM,95
44875,4.8,0,54.98910815,3,FLV,TBF,uM,uM,95
44875,4.8,0.1,54.85820928,3,FLV,TBF,uM,uM,95
44875,4.8,0.2,73.5370485,3,FLV,TBF,uM,uM,95
44875,4.8,0.4,75.31317937,3,FLV,TBF,uM,uM,95
44875,4.8,0.83,83.12675665,3,FLV,TBF,uM,uM,95
44875,4.8,1.6,70.52127544,3,FLV,TBF,uM,uM,95
44875,4.8,3.15,70.55631292,3,FLV,TBF,uM,uM,95
44875,4.8,6.3,60.35472356,3,FLV,TBF,uM,uM,95
44875,4.8,12.5,39.03889488,3,FLV,TBF,uM,uM,95
44875,4.8,25,8.837021435,3,FLV,TBF,uM,uM,95
44875,2.7,0,57.42730906,3,FLV,TBF,uM,uM,95
44875,2.7,0.1,50.34536688,3,FLV,TBF,uM,uM,95
44875,2.7,0.2,77.60824379,3,FLV,TBF,uM,uM,95
44875,2.7,0.4,71.4988285,3,FLV,TBF,uM,uM,95
44875,2.7,0.83,74.48182221,3,FLV,TBF,uM,uM,95
44875,2.7,1.6,70.53875776,3,FLV,TBF,uM,uM,95
44875,2.7,3.15,70.57772876,3,FLV,TBF,uM,uM,95
44875,2.7,6.3,56.17513788,3,FLV,TBF,uM,uM,95
44875,2.7,12.5,34.69803481,3,FLV,TBF,uM,uM,95
44875,2.7,25,4.879388381,3,FLV,TBF,uM,uM,95
44875,1.6,0,60.7689817,3,FLV,TBF,uM,uM,95
44875,1.6,0.1,55.70850562,3,FLV,TBF,uM,uM,95
44875,1.6,0.2,79.23912572,3,FLV,TBF,uM,uM,95
44875,1.6,0.4,65.65303204,3,FLV,TBF,uM,uM,95
44875,1.6,0.83,88.11482679,3,FLV,TBF,uM,uM,95
44875,1.6,1.6,76.81287107,3,FLV,TBF,uM,uM,95
44875,1.6,3.15,71.86384478,3,FLV,TBF,uM,uM,95
44875,1.6,6.3,64.251241340000007,3,FLV,TBF,uM,uM,95
44875,1.6,12.5,51.99431388,3,FLV,TBF,uM,uM,95
44875,1.6,25,6.336831133,3,FLV,TBF,uM,uM,95
44875,0.9,0,55.60718101,3,FLV,TBF,uM,uM,95
44875,0.9,0.1,59.08477869,3,FLV,TBF,uM,uM,95
44875,0.9,0.2,79.94664979,3,FLV,TBF,uM,uM,95
44875,0.9,0.4,74.59611288,3,FLV,TBF,uM,uM,95
44875,0.9,0.83,87.15555732,3,FLV,TBF,uM,uM,95
44875,0.9,1.6,75.60280314,3,FLV,TBF,uM,uM,95
44875,0.9,3.15,73.83810862,3,FLV,TBF,uM,uM,95
44875,0.9,6.3,69.23894726,3,FLV,TBF,uM,uM,95
44875,0.9,12.5,49.05925086,3,FLV,TBF,uM,uM,95
44875,0.9,25,19.56162354,3,FLV,TBF,uM,uM,95
44875,0.5,0,56.1167178,3,FLV,TBF,uM,uM,95
44875,0.5,0.1,68.00542389,3,FLV,TBF,uM,uM,95
44875,0.5,0.2,79.76308543,3,FLV,TBF,uM,uM,95
44875,0.5,0.4,73.65760366,3,FLV,TBF,uM,uM,95
44875,0.5,0.83,91.0322618,3,FLV,TBF,uM,uM,95
44875,0.5,1.6,84.72194552,3,FLV,TBF,uM,uM,95
44875,0.5,3.15,80.8466979,3,FLV,TBF,uM,uM,95
44875,0.5,6.3,76.56928407,3,FLV,TBF,uM,uM,95
44875,0.5,12.5,54.64601762,3,FLV,TBF,uM,uM,95
44875,0.5,25,14.73016585,3,FLV,TBF,uM,uM,95
44875,0.3,0,59.13737134,3,FLV,TBF,uM,uM,95
44875,0.3,0.1,67.44249318,3,FLV,TBF,uM,uM,95
44875,0.3,0.2,74.14477765,3,FLV,TBF,uM,uM,95
44875,0.3,0.4,73.23001525,3,FLV,TBF,uM,uM,95
44875,0.3,0.83,84.61472062,3,FLV,TBF,uM,uM,95
44875,0.3,1.6,89.08589683,3,FLV,TBF,uM,uM,95
44875,0.3,3.15,67.65694298,3,FLV,TBF,uM,uM,95
44875,0.3,6.3,72.11872244,3,FLV,TBF,uM,uM,95
44875,0.3,12.5,60.4042568,3,FLV,TBF,uM,uM,95
44875,0.3,25,22.92485771,3,FLV,TBF,uM,uM,95
44875,0.17,0,68.98858587,3,FLV,TBF,uM,uM,95
44875,0.17,0.1,69.87319126,3,FLV,TBF,uM,uM,95
44875,0.17,0.2,95.17273079,3,FLV,TBF,uM,uM,95
44875,0.17,0.4,86.5636351,3,FLV,TBF,uM,uM,95
44875,0.17,0.83,93.05700584,3,FLV,TBF,uM,uM,95
44875,0.17,1.6,84.14189671,3,FLV,TBF,uM,uM,95
44875,0.17,3.15,76.50314263,3,FLV,TBF,uM,uM,95
44875,0.17,6.3,70.19377331,3,FLV,TBF,uM,uM,95
44875,0.17,12.5,55.96163505,3,FLV,TBF,uM,uM,95
44875,0.17,25,26.09352823,3,FLV,TBF,uM,uM,95
44875,0.1,0,69.83888221,3,FLV,TBF,uM,uM,95
44875,0.1,0.1,67.24756531,3,FLV,TBF,uM,uM,95
44875,0.1,0.2,94.18002638,3,FLV,TBF,uM,uM,95
44875,0.1,0.4,68.74172094,3,FLV,TBF,uM,uM,95
44875,0.1,0.83,84.28219233,3,FLV,TBF,uM,uM,95
44875,0.1,1.6,79.08586405,3,FLV,TBF,uM,uM,95
44875,0.1,3.15,87.90831689,3,FLV,TBF,uM,uM,95
44875,0.1,6.3,78.59978271,3,FLV,TBF,uM,uM,95
44875,0.1,12.5,57.93553467,3,FLV,TBF,uM,uM,95
44875,0.1,25,22.04404015,3,FLV,TBF,uM,uM,95
44875,0,0,100,3,FLV,TBF,uM,uM,95
44875,0,0.1,87.15402762,3,FLV,TBF,uM,uM,95
44875,0,0.2,105.0079199,3,FLV,TBF,uM,uM,95
44875,0,0.4,100.8402076,3,FLV,TBF,uM,uM,95
44875,0,0.83,112.7243246,3,FLV,TBF,uM,uM,95
44875,0,1.6,100.6630534,3,FLV,TBF,uM,uM,95
44875,0,3.15,109.8378478,3,FLV,TBF,uM,uM,95
44875,0,6.3,93.49945422,3,FLV,TBF,uM,uM,95
44875,0,12.5,66.91307026,3,FLV,TBF,uM,uM,95
44875,0,25,23.99601403,3,FLV,TBF,uM,uM,95
44901,25,0,9.118872203,2,FLV,TBF,uM,uM,180
44901,25,0.83,7.250462332,2,FLV,TBF,uM,uM,180
44901,25,1.6,8.308511236,2,FLV,TBF,uM,uM,180
44901,25,3.15,6.573083126,2,FLV,TBF,uM,uM,180
44901,25,6.3,5.860335287,2,FLV,TBF,uM,uM,180
44901,25,8.9,3.876789227,2,FLV,TBF,uM,uM,180
44901,25,12.5,2.575675034,2,FLV,TBF,uM,uM,180
44901,25,17.8,2.207045722,2,FLV,TBF,uM,uM,180
44901,25,25,3.413126869,2,FLV,TBF,uM,uM,180
44901,25,50,6.453539296,2,FLV,TBF,uM,uM,180
44901,14.4,0,19.70366138,2,FLV,TBF,uM,uM,180
44901,14.4,0.83,17.73925093,2,FLV,TBF,uM,uM,180
44901,14.4,1.6,19.02961478,2,FLV,TBF,uM,uM,180
44901,14.4,3.15,15.71044592,2,FLV,TBF,uM,uM,180
44901,14.4,6.3,13.63390938,2,FLV,TBF,uM,uM,180
44901,14.4,8.9,8.945146636,2,FLV,TBF,uM,uM,180
44901,14.4,12.5,4.581366804,2,FLV,TBF,uM,uM,180
44901,14.4,17.8,2.764236076,2,FLV,TBF,uM,uM,180
44901,14.4,25,4.623508155,2,FLV,TBF,uM,uM,180
44901,14.4,50,7.111567881,2,FLV,TBF,uM,uM,180
44901,8.3,0,34.81703317,2,FLV,TBF,uM,uM,180
44901,8.3,0.83,30.91756071,2,FLV,TBF,uM,uM,180
44901,8.3,1.6,34.1252485,2,FLV,TBF,uM,uM,180
44901,8.3,3.15,27.64934849,2,FLV,TBF,uM,uM,180
44901,8.3,6.3,25.11108465,2,FLV,TBF,uM,uM,180
44901,8.3,8.9,13.93889665,2,FLV,TBF,uM,uM,180
44901,8.3,12.5,9.919020343,2,FLV,TBF,uM,uM,180
44901,8.3,17.8,3.587712464,2,FLV,TBF,uM,uM,180
44901,8.3,25,4.762402605,2,FLV,TBF,uM,uM,180
44901,8.3,50,7.115115495,2,FLV,TBF,uM,uM,180
44901,4.8,0,55.64722315,2,FLV,TBF,uM,uM,180
44901,4.8,0.83,51.02177993,2,FLV,TBF,uM,uM,180
44901,4.8,1.6,52.70893899,2,FLV,TBF,uM,uM,180
44901,4.8,3.15,48.80710146,2,FLV,TBF,uM,uM,180
44901,4.8,6.3,43.06082733,2,FLV,TBF,uM,uM,180
44901,4.8,8.9,33.74361127,2,FLV,TBF,uM,uM,180
44901,4.8,12.5,18.66335054,2,FLV,TBF,uM,uM,180
44901,4.8,17.8,7.824100714,2,FLV,TBF,uM,uM,180
44901,4.8,25,4.889041663,2,FLV,TBF,uM,uM,180
44901,4.8,50,8.044052762,2,FLV,TBF,uM,uM,180
44901,2.7,0,68.70781666,2,FLV,TBF,uM,uM,180
44901,2.7,0.83,65.14407746,2,FLV,TBF,uM,uM,180
44901,2.7,1.6,69.58020711,2,FLV,TBF,uM,uM,180
44901,2.7,3.15,69.07375838,2,FLV,TBF,uM,uM,180
44901,2.7,6.3,61.60807415,2,FLV,TBF,uM,uM,180
44901,2.7,8.9,54.48672346,2,FLV,TBF,uM,uM,180
44901,2.7,12.5,35.10610993,2,FLV,TBF,uM,uM,180
44901,2.7,17.8,14.63046632,2,FLV,TBF,uM,uM,180
44901,2.7,25,16.98328671,2,FLV,TBF,uM,uM,180
44901,2.7,50,7.801309983,2,FLV,TBF,uM,uM,180
44901,1.6,0,81.42880678,2,FLV,TBF,uM,uM,180
44901,1.6,0.83,86.13326503,2,FLV,TBF,uM,uM,180
44901,1.6,1.6,78.57942798,2,FLV,TBF,uM,uM,180
44901,1.6,3.15,83.02899556,2,FLV,TBF,uM,uM,180
44901,1.6,6.3,72.17179265,2,FLV,TBF,uM,uM,180
44901,1.6,8.9,76.37646739,2,FLV,TBF,uM,uM,180
44901,1.6,12.5,54.64066839,2,FLV,TBF,uM,uM,180
44901,1.6,17.8,19.72451705,2,FLV,TBF,uM,uM,180
44901,1.6,25,13.60660351,2,FLV,TBF,uM,uM,180
44901,1.6,50,7.856566754,2,FLV,TBF,uM,uM,180
44901,0.9,0,84.11800546,2,FLV,TBF,uM,uM,180
44901,0.9,0.83,84.49889016,2,FLV,TBF,uM,uM,180
44901,0.9,1.6,95.46209146,2,FLV,TBF,uM,uM,180
44901,0.9,3.15,87.60477219,2,FLV,TBF,uM,uM,180
44901,0.9,6.3,85.0149067,2,FLV,TBF,uM,uM,180
44901,0.9,8.9,82.97879145,2,FLV,TBF,uM,uM,180
44901,0.9,12.5,66.02442317,2,FLV,TBF,uM,uM,180
44901,0.9,17.8,37.13878507,2,FLV,TBF,uM,uM,180
44901,0.9,25,18.38072399,2,FLV,TBF,uM,uM,180
44901,0.9,50,7.734442841,2,FLV,TBF,uM,uM,180
44901,0.5,0,95.93725669,2,FLV,TBF,uM,uM,180
44901,0.5,0.83,92.7918134,2,FLV,TBF,uM,uM,180
44901,0.5,1.6,91.18947455,2,FLV,TBF,uM,uM,180
44901,0.5,3.15,90.09594951,2,FLV,TBF,uM,uM,180
44901,0.5,6.3,98.08044537,2,FLV,TBF,uM,uM,180
44901,0.5,8.9,89.11723815,2,FLV,TBF,uM,uM,180
44901,0.5,12.5,75.95591391,2,FLV,TBF,uM,uM,180
44901,0.5,17.8,46.48298449,2,FLV,TBF,uM,uM,180
44901,0.5,25,21.4176963,2,FLV,TBF,uM,uM,180
44901,0.5,50,8.722614505,2,FLV,TBF,uM,uM,180
44901,0.3,0,98.83081941,2,FLV,TBF,uM,uM,180
44901,0.3,0.83,98.59667691,2,FLV,TBF,uM,uM,180
44901,0.3,1.6,100.5153984,2,FLV,TBF,uM,uM,180
44901,0.3,3.15,99.07786233,2,FLV,TBF,uM,uM,180
44901,0.3,6.3,99.9320847,2,FLV,TBF,uM,uM,180
44901,0.3,8.9,91.99865298,2,FLV,TBF,uM,uM,180
44901,0.3,12.5,82.76851471,2,FLV,TBF,uM,uM,180
44901,0.3,17.8,54.3694372,2,FLV,TBF,uM,uM,180
44901,0.3,25,31.52409515,2,FLV,TBF,uM,uM,180
44901,0.3,50,8.42472246,2,FLV,TBF,uM,uM,180
44901,0.17,0,98.99787976,2,FLV,TBF,uM,uM,180
44901,0.17,0.83,101.6275215,2,FLV,TBF,uM,uM,180
44901,0.17,1.6,101.0250722,2,FLV,TBF,uM,uM,180
44901,0.17,3.15,103.032054,2,FLV,TBF,uM,uM,180
44901,0.17,6.3,104.8667078,2,FLV,TBF,uM,uM,180
44901,0.17,8.9,98.66472659,2,FLV,TBF,uM,uM,180
44901,0.17,12.5,86.42803948,2,FLV,TBF,uM,uM,180
44901,0.17,17.8,58.58518479,2,FLV,TBF,uM,uM,180
44901,0.17,25,34.80123016,2,FLV,TBF,uM,uM,180
44901,0.17,50,10.50566664,2,FLV,TBF,uM,uM,180
44901,0.1,0,92.20688715,2,FLV,TBF,uM,uM,180
44901,0.1,0.83,98.91101698,2,FLV,TBF,uM,uM,180
44901,0.1,1.6,96.96036697,2,FLV,TBF,uM,uM,180
44901,0.1,3.15,96.47144131,2,FLV,TBF,uM,uM,180
44901,0.1,6.3,97.05077737,2,FLV,TBF,uM,uM,180
44901,0.1,8.9,89.5056481,2,FLV,TBF,uM,uM,180
44901,0.1,12.5,80.93085083,2,FLV,TBF,uM,uM,180
44901,0.1,17.8,53.63809127,2,FLV,TBF,uM,uM,180
44901,0.1,25,26.32490605,2,FLV,TBF,uM,uM,180
44901,0.1,50,9.793563823,2,FLV,TBF,uM,uM,180
44901,0,0,100,2,FLV,TBF,uM,uM,180
44901,0,0.83,104.4473369,2,FLV,TBF,uM,uM,180
44901,0,1.6,107.8834695,2,FLV,TBF,uM,uM,180
44901,0,3.15,107.3943288,2,FLV,TBF,uM,uM,180
44901,0,6.3,106.9028231,2,FLV,TBF,uM,uM,180
44901,0,8.9,100.3751064,2,FLV,TBF,uM,uM,180
44901,0,12.5,87.48254077,2,FLV,TBF,uM,uM,180
44901,0,17.8,54.29386228,2,FLV,TBF,uM,uM,180
44901,0,25,31.51656991,2,FLV,TBF,uM,uM,180
44901,0,50,7.019007415,2,FLV,TBF,uM,uM,180
44909,25,0,3.345864293,2,FLV,TBF,uM,uM,137
44909,25,0.83,2.497227157,2,FLV,TBF,uM,uM,137
44909,25,1.6,2.055731687,2,FLV,TBF,uM,uM,137
44909,25,3.15,2.126402371,2,FLV,TBF,uM,uM,137
44909,25,6.3,2.129150676,2,FLV,TBF,uM,uM,137
44909,25,8.9,1.073998096,2,FLV,TBF,uM,uM,137
44909,25,12.5,0.72555236,2,FLV,TBF,uM,uM,137
44909,25,17.8,0.378480777,2,FLV,TBF,uM,uM,137
44909,25,25,0.556727947,2,FLV,TBF,uM,uM,137
44909,25,50,0.241850787,2,FLV,TBF,uM,uM,137
44909,14.4,0,3.969336775,2,FLV,TBF,uM,uM,137
44909,14.4,0.83,3.539227138,2,FLV,TBF,uM,uM,137
44909,14.4,1.6,5.564334861,2,FLV,TBF,uM,uM,137
44909,14.4,3.15,4.552566229,2,FLV,TBF,uM,uM,137
44909,14.4,6.3,4.607728625,2,FLV,TBF,uM,uM,137
44909,14.4,8.9,3.090271984,2,FLV,TBF,uM,uM,137
44909,14.4,12.5,2.090085492,2,FLV,TBF,uM,uM,137
44909,14.4,17.8,0.431680097,2,FLV,TBF,uM,uM,137
44909,14.4,25,0.338434055,2,FLV,TBF,uM,uM,137
44909,14.4,50,0.440513933,2,FLV,TBF,uM,uM,137
44909,8.3,0,5.422797185,2,FLV,TBF,uM,uM,137
44909,8.3,0.83,5.066499151,2,FLV,TBF,uM,uM,137
44909,8.3,1.6,6.28694261,2,FLV,TBF,uM,uM,137
44909,8.3,3.15,3.858030447,2,FLV,TBF,uM,uM,137
44909,8.3,6.3,7.458309204,2,FLV,TBF,uM,uM,137
44909,8.3,8.9,4.660927945,2,FLV,TBF,uM,uM,137
44909,8.3,12.5,4.308752368,2,FLV,TBF,uM,uM,137
44909,8.3,17.8,0.840981145,2,FLV,TBF,uM,uM,137
44909,8.3,25,0.658022595,2,FLV,TBF,uM,uM,137
44909,8.3,50,0.414012426,2,FLV,TBF,uM,uM,137
44909,4.8,0,4.742002925,2,FLV,TBF,uM,uM,137
44909,4.8,0.83,6.77476664,2,FLV,TBF,uM,uM,137
44909,4.8,1.6,6.431032283,2,FLV,TBF,uM,uM,137
44909,4.8,3.15,9.699551437,2,FLV,TBF,uM,uM,137
44909,4.8,6.3,9.14517918,2,FLV,TBF,uM,uM,137
44909,4.8,8.9,9.865038623,2,FLV,TBF,uM,uM,137
44909,4.8,12.5,5.778702604,2,FLV,TBF,uM,uM,137
44909,4.8,17.8,1.737320992,2,FLV,TBF,uM,uM,137
44909,4.8,25,0.7371345,2,FLV,TBF,uM,uM,137
44909,4.8,50,0.449544076,2,FLV,TBF,uM,uM,137
44909,2.7,0,7.024862339,2,FLV,TBF,uM,uM,137
44909,2.7,0.83,8.774354394,2,FLV,TBF,uM,uM,137
44909,2.7,1.6,11.65595155,2,FLV,TBF,uM,uM,137
44909,2.7,3.15,12.85028612,2,FLV,TBF,uM,uM,137
44909,2.7,6.3,10.08235098,2,FLV,TBF,uM,uM,137
44909,2.7,8.9,10.33774698,2,FLV,TBF,uM,uM,137
44909,2.7,12.5,5.219815275,2,FLV,TBF,uM,uM,137
44909,2.7,17.8,4.920839018,2,FLV,TBF,uM,uM,137
44909,2.7,25,0.68079426,2,FLV,TBF,uM,uM,137
44909,2.7,50,0.457200067,2,FLV,TBF,uM,uM,137
44909,1.6,0,11.11649866,2,FLV,TBF,uM,uM,137
44909,1.6,0.83,16.2407122,2,FLV,TBF,uM,uM,137
44909,1.6,1.6,18.89086287,2,FLV,TBF,uM,uM,137
44909,1.6,3.15,18.84689,2,FLV,TBF,uM,uM,137
44909,1.6,6.3,15.91052306,2,FLV,TBF,uM,uM,137
44909,1.6,8.9,24.96716758,2,FLV,TBF,uM,uM,137
44909,1.6,12.5,13.34066215,2,FLV,TBF,uM,uM,137
44909,1.6,17.8,2.500564384,2,FLV,TBF,uM,uM,137
44909,1.6,25,1.280906155,2,FLV,TBF,uM,uM,137
44909,1.6,50,0.487431415,2,FLV,TBF,uM,uM,137
44909,0.9,0,13.63747902,2,FLV,TBF,uM,uM,137
44909,0.9,0.83,33.1315947,2,FLV,TBF,uM,uM,137
44909,0.9,1.6,39.036523,2,FLV,TBF,uM,uM,137
44909,0.9,3.15,27.91806127,2,FLV,TBF,uM,uM,137
44909,0.9,6.3,29.18856313,2,FLV,TBF,uM,uM,137
44909,0.9,8.9,22.70177953,2,FLV,TBF,uM,uM,137
44909,0.9,12.5,19.64036474,2,FLV,TBF,uM,uM,137
44909,0.9,17.8,7.944955389,2,FLV,TBF,uM,uM,137
44909,0.9,25,1.617180829,2,FLV,TBF,uM,uM,137
44909,0.9,50,0.633091548,2,FLV,TBF,uM,uM,137
44909,0.5,0,30.65596137,2,FLV,TBF,uM,uM,137
44909,0.5,0.83,44.89944151,2,FLV,TBF,uM,uM,137
44909,0.5,1.6,42.25046868,2,FLV,TBF,uM,uM,137
44909,0.5,3.15,47.16698894,2,FLV,TBF,uM,uM,137
44909,0.5,6.3,58.56204788,2,FLV,TBF,uM,uM,137
44909,0.5,8.9,49.47281632,2,FLV,TBF,uM,uM,137
44909,0.5,12.5,30.31379747,2,FLV,TBF,uM,uM,137
44909,0.5,17.8,13.07643231,2,FLV,TBF,uM,uM,137
44909,0.5,25,2.504490533,2,FLV,TBF,uM,uM,137
44909,0.5,50,0.649581374,2,FLV,TBF,uM,uM,137
44909,0.3,0,50.0829399,2,FLV,TBF,uM,uM,137
44909,0.3,0.83,59.40420687,2,FLV,TBF,uM,uM,137
44909,0.3,1.6,69.62672137,2,FLV,TBF,uM,uM,137
44909,0.3,3.15,64.95244452,2,FLV,TBF,uM,uM,137
44909,0.3,6.3,68.33109216,2,FLV,TBF,uM,uM,137
44909,0.3,8.9,59.59658818,2,FLV,TBF,uM,uM,137
44909,0.3,12.5,52.49732531,2,FLV,TBF,uM,uM,137
44909,0.3,17.8,16.49630451,2,FLV,TBF,uM,uM,137
44909,0.3,25,3.241232418,2,FLV,TBF,uM,uM,137
44909,0.3,50,0.772273535,2,FLV,TBF,uM,uM,137
44909,0.17,0,50.94531856,2,FLV,TBF,uM,uM,137
44909,0.17,0.83,81.69648904,2,FLV,TBF,uM,uM,137
44909,0.17,1.6,69.48518369,2,FLV,TBF,uM,uM,137
44909,0.17,3.15,83.45324447,2,FLV,TBF,uM,uM,137
44909,0.17,6.3,73.01106193,2,FLV,TBF,uM,uM,137
44909,0.17,8.9,93.32024617,2,FLV,TBF,uM,uM,137
44909,0.17,12.5,69.38428166,2,FLV,TBF,uM,uM,137
44909,0.17,17.8,27.30322631,2,FLV,TBF,uM,uM,137
44909,0.17,25,3.170561734,2,FLV,TBF,uM,uM,137
44909,0.17,50,0.833325154,2,FLV,TBF,uM,uM,137
44909,0.1,0,62.43931646,2,FLV,TBF,uM,uM,137
44909,0.1,0.83,77.6517702,2,FLV,TBF,uM,uM,137
44909,0.1,1.6,78.0151353,2,FLV,TBF,uM,uM,137
44909,0.1,3.15,80.88632817,2,FLV,TBF,uM,uM,137
44909,0.1,6.3,78.06696047,2,FLV,TBF,uM,uM,137
44909,0.1,8.9,98.96212248,2,FLV,TBF,uM,uM,137
44909,0.1,12.5,75.08151667,2,FLV,TBF,uM,uM,137
44909,0.1,17.8,37.1619831,2,FLV,TBF,uM,uM,137
44909,0.1,25,6.338375163,2,FLV,TBF,uM,uM,137
44909,0.1,50,0.854918974,2,FLV,TBF,uM,uM,137
44909,0,0,100,2,FLV,TBF,uM,uM,137
44909,0,0.83,115.04500350000001,2,FLV,TBF,uM,uM,137
44909,0,1.6,95.09741758,2,FLV,TBF,uM,uM,137
44909,0,3.15,106.870761,2,FLV,TBF,uM,uM,137
44909,0,6.3,118.5117932,2,FLV,TBF,uM,uM,137
44909,0,8.9,92.52245267,2,FLV,TBF,uM,uM,137
44909,0,12.5,113.0748618,2,FLV,TBF,uM,uM,137
44909,0,17.8,49.55781745,2,FLV,TBF,uM,uM,137
44909,0,25,13.83025294,2,FLV,TBF,uM,uM,137
44909,0,50,0.924215506,2,FLV,TBF,uM,uM,137
44909,25,0,1.411026728,2,FLV,TBF,uM,uM,143
44909,25,0.83,1.395854398,2,FLV,TBF,uM,uM,143
44909,25,1.6,1.299841994,2,FLV,TBF,uM,uM,143
44909,25,3.15,1.606370482,2,FLV,TBF,uM,uM,143
44909,25,6.3,0.959886966,2,FLV,TBF,uM,uM,143
44909,25,8.9,0.809586068,2,FLV,TBF,uM,uM,143
44909,25,12.5,0.679435921,2,FLV,TBF,uM,uM,143
44909,25,17.8,0.451613897,2,FLV,TBF,uM,uM,143
44909,25,25,0.383812546,2,FLV,TBF,uM,uM,143
44909,25,50,0.23327458,2,FLV,TBF,uM,uM,143
44909,14.4,0,2.017919945,2,FLV,TBF,uM,uM,143
44909,14.4,0.83,1.673460631,2,FLV,TBF,uM,uM,143
44909,14.4,1.6,1.721348299,2,FLV,TBF,uM,uM,143
44909,14.4,3.15,1.606133415,2,FLV,TBF,uM,uM,143
44909,14.4,6.3,1.099519819,2,FLV,TBF,uM,uM,143
44909,14.4,8.9,0.948270651,2,FLV,TBF,uM,uM,143
44909,14.4,12.5,0.737280431,2,FLV,TBF,uM,uM,143
44909,14.4,17.8,0.565643443,2,FLV,TBF,uM,uM,143
44909,14.4,25,0.369588486,2,FLV,TBF,uM,uM,143
44909,14.4,50,0.301787135,2,FLV,TBF,uM,uM,143
44909,8.3,0,2.49205527,2,FLV,TBF,uM,uM,143
44909,8.3,0.83,1.768050628,2,FLV,TBF,uM,uM,143
44909,8.3,1.6,2.164901895,2,FLV,TBF,uM,uM,143
44909,8.3,3.15,1.655680556,2,FLV,TBF,uM,uM,143
44909,8.3,6.3,1.285380867,2,FLV,TBF,uM,uM,143
44909,8.3,8.9,1.026502979,2,FLV,TBF,uM,uM,143
44909,8.3,12.5,0.713573665,2,FLV,TBF,uM,uM,143
44909,8.3,17.8,0.494049009,2,FLV,TBF,uM,uM,143
44909,8.3,25,0.537669459,2,FLV,TBF,uM,uM,143
44909,8.3,50,0.328812848,2,FLV,TBF,uM,uM,143
44909,4.8,0,10.44449001,2,FLV,TBF,uM,uM,143
44909,4.8,0.83,7.221792208,2,FLV,TBF,uM,uM,143
44909,4.8,1.6,9.330746135,2,FLV,TBF,uM,uM,143
44909,4.8,3.15,4.773357388,2,FLV,TBF,uM,uM,143
44909,4.8,6.3,4.173813269,2,FLV,TBF,uM,uM,143
44909,4.8,8.9,2.10160483,2,FLV,TBF,uM,uM,143
44909,4.8,12.5,1.289411017,2,FLV,TBF,uM,uM,143
44909,4.8,17.8,0.886158923,2,FLV,TBF,uM,uM,143
44909,4.8,25,0.823335992,2,FLV,TBF,uM,uM,143
44909,4.8,50,0.537195324,2,FLV,TBF,uM,uM,143
44909,2.7,0,25.23158547,2,FLV,TBF,uM,uM,143
44909,2.7,0.83,25.86455613,2,FLV,TBF,uM,uM,143
44909,2.7,1.6,23.89523506,2,FLV,TBF,uM,uM,143
44909,2.7,3.15,23.60150822,2,FLV,TBF,uM,uM,143
44909,2.7,6.3,14.76196629,2,FLV,TBF,uM,uM,143
44909,2.7,8.9,8.051529027,2,FLV,TBF,uM,uM,143
44909,2.7,12.5,4.902559264,2,FLV,TBF,uM,uM,143
44909,2.7,17.8,1.601629129,2,FLV,TBF,uM,uM,143
44909,2.7,25,1.250294853,2,FLV,TBF,uM,uM,143
44909,2.7,50,0.527001414,2,FLV,TBF,uM,uM,143
44909,1.6,0,44.40324735,2,FLV,TBF,uM,uM,143
44909,1.6,0.83,47.86040508,2,FLV,TBF,uM,uM,143
44909,1.6,1.6,43.47607572,2,FLV,TBF,uM,uM,143
44909,1.6,3.15,36.42307569,2,FLV,TBF,uM,uM,143
44909,1.6,6.3,35.93116029,2,FLV,TBF,uM,uM,143
44909,1.6,8.9,21.53498941,2,FLV,TBF,uM,uM,143
44909,1.6,12.5,11.86665892,2,FLV,TBF,uM,uM,143
44909,1.6,17.8,2.859747215,2,FLV,TBF,uM,uM,143
44909,1.6,25,2.312832117,2,FLV,TBF,uM,uM,143
44909,1.6,50,0.91081396,2,FLV,TBF,uM,uM,143
44909,0.9,0,56.08238575,2,FLV,TBF,uM,uM,143
44909,0.9,0.83,56.13762252,2,FLV,TBF,uM,uM,143
44909,0.9,1.6,56.09945463,2,FLV,TBF,uM,uM,143
44909,0.9,3.15,57.00766084,2,FLV,TBF,uM,uM,143
44909,0.9,6.3,43.93859473,2,FLV,TBF,uM,uM,143
44909,0.9,8.9,40.82637046,2,FLV,TBF,uM,uM,143
44909,0.9,12.5,26.10731342,2,FLV,TBF,uM,uM,143
44909,0.9,17.8,8.683077281,2,FLV,TBF,uM,uM,143
44909,0.9,25,6.323305766,2,FLV,TBF,uM,uM,143
44909,0.9,50,1.553504393,2,FLV,TBF,uM,uM,143
44909,0.5,0,64.01182494,2,FLV,TBF,uM,uM,143
44909,0.5,0.83,63.34613894,2,FLV,TBF,uM,uM,143
44909,0.5,1.6,61.20826276,2,FLV,TBF,uM,uM,143
44909,0.5,3.15,70.92258437,2,FLV,TBF,uM,uM,143
44909,0.5,6.3,54.06944423,2,FLV,TBF,uM,uM,143
44909,0.5,8.9,49.05119595,2,FLV,TBF,uM,uM,143
44909,0.5,12.5,32.56930377,2,FLV,TBF,uM,uM,143
44909,0.5,17.8,15.00756839,2,FLV,TBF,uM,uM,143
44909,0.5,25,5.663546461,2,FLV,TBF,uM,uM,143
44909,0.5,50,2.420697903,2,FLV,TBF,uM,uM,143
44909,0.3,0,65.93705142,2,FLV,TBF,uM,uM,143
44909,0.3,0.83,68.73397571,2,FLV,TBF,uM,uM,143
44909,0.3,1.6,68.24609046,2,FLV,TBF,uM,uM,143
44909,0.3,3.15,66.86042997,2,FLV,TBF,uM,uM,143
44909,0.3,6.3,65.82515549,2,FLV,TBF,uM,uM,143
44909,0.3,8.9,58.70767305,2,FLV,TBF,uM,uM,143
44909,0.3,12.5,41.34057022,2,FLV,TBF,uM,uM,143
44909,0.3,17.8,14.61213952,2,FLV,TBF,uM,uM,143
44909,0.3,25,7.556768815,2,FLV,TBF,uM,uM,143
44909,0.3,50,2.209233548,2,FLV,TBF,uM,uM,143
44909,0.17,0,70.2552389,2,FLV,TBF,uM,uM,143
44909,0.17,0.83,70.8343952,2,FLV,TBF,uM,uM,143
44909,0.17,1.6,72.17121975,2,FLV,TBF,uM,uM,143
44909,0.17,3.15,76.29050746,2,FLV,TBF,uM,uM,143
44909,0.17,6.3,66.82889997,2,FLV,TBF,uM,uM,143
44909,0.17,8.9,62.52967791,2,FLV,TBF,uM,uM,143
44909,0.17,12.5,42.39694372,2,FLV,TBF,uM,uM,143
44909,0.17,17.8,21.20404295,2,FLV,TBF,uM,uM,143
44909,0.17,25,8.389587514,2,FLV,TBF,uM,uM,143
44909,0.17,50,1.866196641,2,FLV,TBF,uM,uM,143
44909,0.1,0,74.39396615,2,FLV,TBF,uM,uM,143
44909,0.1,0.83,80.2519081,2,FLV,TBF,uM,uM,143
44909,0.1,1.6,74.5072845,2,FLV,TBF,uM,uM,143
44909,0.1,3.15,84.03005544,2,FLV,TBF,uM,uM,143
44909,0.1,6.3,66.10039104,2,FLV,TBF,uM,uM,143
44909,0.1,8.9,72.21887035,2,FLV,TBF,uM,uM,143
44909,0.1,12.5,48.92886903,2,FLV,TBF,uM,uM,143
44909,0.1,17.8,24.43266745,2,FLV,TBF,uM,uM,143
44909,0.1,25,8.323682704,2,FLV,TBF,uM,uM,143
44909,0.1,50,3.212266829,2,FLV,TBF,uM,uM,143
44909,0,0,100,2,FLV,TBF,uM,uM,143
44909,0,0.83,87.83949571,2,FLV,TBF,uM,uM,143
44909,0,1.6,96.83194629,2,FLV,TBF,uM,uM,143
44909,0,3.15,87.59602722,2,FLV,TBF,uM,uM,143
44909,0,6.3,99.02885232,2,FLV,TBF,uM,uM,143
44909,0,8.9,99.7613914,2,FLV,TBF,uM,uM,143
44909,0,12.5,90.17650873,2,FLV,TBF,uM,uM,143
44909,0,17.8,50.71114372,2,FLV,TBF,uM,uM,143
44909,0,25,11.09666315,2,FLV,TBF,uM,uM,143
44909,0,50,1.400121616,2,FLV,TBF,uM,uM,143
44902,25,0,44.10948904,5,FLV,TBF,uM,uM,95
44902,25,0.83,45.87160315,5,FLV,TBF,uM,uM,95
44902,25,1.6,39.72729394,5,FLV,TBF,uM,uM,95
44902,25,3.15,43.21841173,5,FLV,TBF,uM,uM,95
44902,25,6.3,33.87168448,5,FLV,TBF,uM,uM,95
44902,25,8.9,34.55616043,5,FLV,TBF,uM,uM,95
44902,25,12.5,18.91109267,5,FLV,TBF,uM,uM,95
44902,25,17.8,14.18927357,5,FLV,TBF,uM,uM,95
44902,25,25,6.012254733,5,FLV,TBF,uM,uM,95
44902,25,50,0.855449716,5,FLV,TBF,uM,uM,95
44902,14.4,0,59.83849466,5,FLV,TBF,uM,uM,95
44902,14.4,0.83,58.00183366,5,FLV,TBF,uM,uM,95
44902,14.4,1.6,59.57961365,5,FLV,TBF,uM,uM,95
44902,14.4,3.15,56.58834726,5,FLV,TBF,uM,uM,95
44902,14.4,6.3,52.85819537,5,FLV,TBF,uM,uM,95
44902,14.4,8.9,44.01325579,5,FLV,TBF,uM,uM,95
44902,14.4,12.5,27.82109135,5,FLV,TBF,uM,uM,95
44902,14.4,17.8,15.08441709,5,FLV,TBF,uM,uM,95
44902,14.4,25,6.878257191,5,FLV,TBF,uM,uM,95
44902,14.4,50,1.835886483,5,FLV,TBF,uM,uM,95
44902,8.3,0,58.41116383,5,FLV,TBF,uM,uM,95
44902,8.3,0.83,61.42266438,5,FLV,TBF,uM,uM,95
44902,8.3,1.6,56.24020362,5,FLV,TBF,uM,uM,95
44902,8.3,3.15,60.45394213,5,FLV,TBF,uM,uM,95
44902,8.3,6.3,52.7543138,5,FLV,TBF,uM,uM,95
44902,8.3,8.9,42.21057656,5,FLV,TBF,uM,uM,95
44902,8.3,12.5,34.33978083,5,FLV,TBF,uM,uM,95
44902,8.3,17.8,16.17018764,5,FLV,TBF,uM,uM,95
44902,8.3,25,9.893533493,5,FLV,TBF,uM,uM,95
44902,8.3,50,2.182965165,5,FLV,TBF,uM,uM,95
44902,4.8,0,62.88610688,5,FLV,TBF,uM,uM,95
44902,4.8,0.83,68.59378434,5,FLV,TBF,uM,uM,95
44902,4.8,1.6,63.76256526,5,FLV,TBF,uM,uM,95
44902,4.8,3.15,69.49502714,5,FLV,TBF,uM,uM,95
44902,4.8,6.3,60.07220398,5,FLV,TBF,uM,uM,95
44902,4.8,8.9,59.43419882,5,FLV,TBF,uM,uM,95
44902,4.8,12.5,38.24719941,5,FLV,TBF,uM,uM,95
44902,4.8,17.8,22.40956833,5,FLV,TBF,uM,uM,95
44902,4.8,25,10.75624427,5,FLV,TBF,uM,uM,95
44902,4.8,50,2.703631595,5,FLV,TBF,uM,uM,95
44902,2.7,0,66.43405457,5,FLV,TBF,uM,uM,95
44902,2.7,0.83,70.81586242,5,FLV,TBF,uM,uM,95
44902,2.7,1.6,69.23091818,5,FLV,TBF,uM,uM,95
44902,2.7,3.15,73.14734047,5,FLV,TBF,uM,uM,95
44902,2.7,6.3,69.39211371,5,FLV,TBF,uM,uM,95
44902,2.7,8.9,59.66171204,5,FLV,TBF,uM,uM,95
44902,2.7,12.5,50.2931048,5,FLV,TBF,uM,uM,95
44902,2.7,17.8,31.01731327,5,FLV,TBF,uM,uM,95
44902,2.7,25,15.51475593,5,FLV,TBF,uM,uM,95
44902,2.7,50,4.242008235,5,FLV,TBF,uM,uM,95
44902,1.6,0,70.08598064,5,FLV,TBF,uM,uM,95
44902,1.6,0.83,74.33563719,5,FLV,TBF,uM,uM,95
44902,1.6,1.6,75.46439321,5,FLV,TBF,uM,uM,95
44902,1.6,3.15,74.00637231,5,FLV,TBF,uM,uM,95
44902,1.6,6.3,71.69716151,5,FLV,TBF,uM,uM,95
44902,1.6,8.9,69.39327548,5,FLV,TBF,uM,uM,95
44902,1.6,12.5,62.55219492,5,FLV,TBF,uM,uM,95
44902,1.6,17.8,34.94273928,5,FLV,TBF,uM,uM,95
44902,1.6,25,24.84618654,5,FLV,TBF,uM,uM,95
44902,1.6,50,5.425948319,5,FLV,TBF,uM,uM,95
44902,0.9,0,67.18310555,5,FLV,TBF,uM,uM,95
44902,0.9,0.83,69.11842015,5,FLV,TBF,uM,uM,95
44902,0.9,1.6,68.18929487,5,FLV,TBF,uM,uM,95
44902,0.9,3.15,68.87212498,5,FLV,TBF,uM,uM,95
44902,0.9,6.3,67.4909745,5,FLV,TBF,uM,uM,95
44902,0.9,8.9,64.12426288,5,FLV,TBF,uM,uM,95
44902,0.9,12.5,64.24305383,5,FLV,TBF,uM,uM,95
44902,0.9,17.8,47.5079557,5,FLV,TBF,uM,uM,95
44902,0.9,25,26.56792916,5,FLV,TBF,uM,uM,95
44902,0.9,50,10.08648407,5,FLV,TBF,uM,uM,95
44902,0.5,0,67.77057373,5,FLV,TBF,uM,uM,95
44902,0.5,0.83,73.63722,5,FLV,TBF,uM,uM,95
44902,0.5,1.6,69.12326086,5,FLV,TBF,uM,uM,95
44902,0.5,3.15,74.57573625,5,FLV,TBF,uM,uM,95
44902,0.5,6.3,72.90394973,5,FLV,TBF,uM,uM,95
44902,0.5,8.9,68.25842017,5,FLV,TBF,uM,uM,95
44902,0.5,12.5,65.83584001,5,FLV,TBF,uM,uM,95
44902,0.5,17.8,49.78444332,5,FLV,TBF,uM,uM,95
44902,0.5,25,32.88301851,5,FLV,TBF,uM,uM,95
44902,0.5,50,11.26577707,5,FLV,TBF,uM,uM,95
44902,0.3,0,68.73774696,5,FLV,TBF,uM,uM,95
44902,0.3,0.83,66.83709182,5,FLV,TBF,uM,uM,95
44902,0.3,1.6,73.94044188,5,FLV,TBF,uM,uM,95
44902,0.3,3.15,76.82172742,5,FLV,TBF,uM,uM,95
44902,0.3,6.3,79.09046991,5,FLV,TBF,uM,uM,95
44902,0.3,8.9,68.3428421,5,FLV,TBF,uM,uM,95
44902,0.3,12.5,68.51071781,5,FLV,TBF,uM,uM,95
44902,0.3,17.8,50.2814871,5,FLV,TBF,uM,uM,95
44902,0.3,25,34.82181842,5,FLV,TBF,uM,uM,95
44902,0.3,50,16.75020113,5,FLV,TBF,uM,uM,95
44902,0.17,0,81.99721756,5,FLV,TBF,uM,uM,95
44902,0.17,0.83,80.14429179,5,FLV,TBF,uM,uM,95
44902,0.17,1.6,81.04747088,5,FLV,TBF,uM,uM,95
44902,0.17,3.15,87.07753941,5,FLV,TBF,uM,uM,95
44902,0.17,6.3,85.70897477,5,FLV,TBF,uM,uM,95
44902,0.17,8.9,75.69539174,5,FLV,TBF,uM,uM,95
44902,0.17,12.5,69.55389014,5,FLV,TBF,uM,uM,95
44902,0.17,17.8,57.2871517,5,FLV,TBF,uM,uM,95
44902,0.17,25,36.97157634,5,FLV,TBF,uM,uM,95
44902,0.17,50,18.75890085,5,FLV,TBF,uM,uM,95
44902,0.1,0,82.79012535,5,FLV,TBF,uM,uM,95
44902,0.1,0.83,87.50555471,5,FLV,TBF,uM,uM,95
44902,0.1,1.6,83.16121393,5,FLV,TBF,uM,uM,95
44902,0.1,3.15,85.09807756,5,FLV,TBF,uM,uM,95
44902,0.1,6.3,86.56500537,5,FLV,TBF,uM,uM,95
44902,0.1,8.9,74.54436847,5,FLV,TBF,uM,uM,95
44902,0.1,12.5,70.87840435,5,FLV,TBF,uM,uM,95
44902,0.1,17.8,55.27496667,5,FLV,TBF,uM,uM,95
44902,0.1,25,35.65199965,5,FLV,TBF,uM,uM,95
44902,0.1,50,16.79095988,5,FLV,TBF,uM,uM,95
44902,0,0,100,5,FLV,TBF,uM,uM,95
44902,0,0.83,94.59689982,5,FLV,TBF,uM,uM,95
44902,0,1.6,102.0430687,5,FLV,TBF,uM,uM,95
44902,0,3.15,94.37471137,5,FLV,TBF,uM,uM,95
44902,0,6.3,86.65465526,5,FLV,TBF,uM,uM,95
44902,0,8.9,86.29305446,5,FLV,TBF,uM,uM,95
44902,0,12.5,81.68295887,5,FLV,TBF,uM,uM,95
44902,0,17.8,58.81545967,5,FLV,TBF,uM,uM,95
44902,0,25,39.19897919,5,FLV,TBF,uM,uM,95
44902,0,50,8.755580125,5,FLV,TBF,uM,uM,95
44902,0,0,100,3,FLV,TBF,uM,uM,180
44902,0,0.83,101.7338751,3,FLV,TBF,uM,uM,180
44902,0,1.6,103.7918612,3,FLV,TBF,uM,uM,180
44902,0,3.15,102.7399029,3,FLV,TBF,uM,uM,180
44902,0,6.3,99.25719915,3,FLV,TBF,uM,uM,180
44902,0,8.9,88.64222972,3,FLV,TBF,uM,uM,180
44902,0,12.5,78.4068852,3,FLV,TBF,uM,uM,180
44902,0,17.8,60.33815869,3,FLV,TBF,uM,uM,180
44902,0,25,42.50460751,3,FLV,TBF,uM,uM,180
44902,0,50,18.24926119,3,FLV,TBF,uM,uM,180
